set,map,run,algo,reached,time,dyn_collisions,static_collisions,min_dist,path_length,cycles,deadlocks,sh_violations,static_fallbacks,plan_ms_mean,plan_ms_max
1,1,0,NONE,1,30.13,3,0,0,28.665,38,0,0,0,4.24033,15.6745
1,1,0,O-ET,1,30.39,3,0,0,28.995,38,0,0,0,3.59645,14.9488
1,1,0,O-SW,1,69.42,1,0,0,51.91,87,0,0,0,4.51361,14.0783
1,1,0,O-BW,1,69.99,2,0,0,51.8975,88,0,0,0,5.84855,14.211
1,1,0,ET+SW,1,69.33,2,0,0,49.1325,87,0,0,0,4.46798,7.19462
1,1,0,ET+BW,1,76.75,0,0,0.151074,52.175,96,2,0,0,5.28445,8.28007
1,1,0,SW+BW,1,69.99,2,0,0,51.8975,88,0,0,0,6.48778,8.88564
1,1,0,SH,1,64.37,0,0,0.0404339,47.6925,81,1,0,0,6.77593,11.6267
1,1,1,NONE,1,28.65,3,0,0,26.725,36,0,0,0,1.66943,1.98299
1,1,1,O-ET,1,29.93,1,0,0,26.6825,38,0,0,0,2.09203,3.91077
1,1,1,O-SW,1,74.08,1,0,0,38.52,93,0,0,0,3.16194,4.38644
1,1,1,O-BW,1,60.47,1,0,0,35.67,76,2,0,0,3.52699,5.16899
1,1,1,ET+SW,1,72.36,2,0,0,46.09,91,0,0,0,3.03142,4.07424
1,1,1,ET+BW,1,73.09,1,0,0,42.4725,92,2,0,0,3.84605,4.95994
1,1,1,SW+BW,1,73.25,1,0,0,38.1125,92,3,0,0,5.6217,12.5718
1,1,1,SH,1,73.06,1,0,0,38.865,92,3,0,0,5.41334,7.81759
1,1,2,NONE,1,27.71,4,0,0,25.5275,35,0,0,0,2.14731,3.81063
1,1,2,O-ET,1,30.88,3,0,0,26.12,39,0,0,0,2.25049,2.81304
1,1,2,O-SW,1,70.8,0,0,0.728078,43.5,89,0,0,0,3.73738,6.19809
1,1,2,O-BW,1,39.99,3,0,0,28.195,50,1,0,0,4.31924,5.4722
1,1,2,ET+SW,1,85.99,3,0,0,51.6975,108,0,0,0,3.81196,6.86669
1,1,2,ET+BW,1,58.09,0,0,0.137725,36.3225,73,1,0,0,4.61167,7.31934
1,1,2,SW+BW,1,106.6,2,0,0,67.4499,134,2,0,0,6.22769,11.6888
1,1,2,SH,1,84.57,1,0,0,50.7425,106,2,0,0,7.40317,28.3538
1,1,3,NONE,1,29.71,2,0,0,27.6275,38,0,0,0,1.95761,2.70986
1,1,3,O-ET,1,31.29,0,0,0.0117746,29.0225,40,0,0,0,2.35736,3.33167
1,1,3,O-SW,1,111.24,0,0,0.0746777,52.2099,140,0,0,0,3.99506,15.6702
1,1,3,O-BW,1,111.09,0,0,0.0242994,55.3724,139,5,0,0,5.02179,14.6879
1,1,3,ET+SW,1,111.56,0,0,0.216484,40.09,140,0,0,0,4.04145,6.07118
1,1,3,ET+BW,1,109,2,0,0,55.8499,137,6,0,0,4.56045,8.50186
1,1,3,SW+BW,1,156,1,0,0,75.9999,195,8,0,0,5.46571,12.0408
1,1,3,SH,1,111.41,2,0,0,53.0524,140,5,0,0,6.00202,12.9911
1,1,4,NONE,1,29.13,2,0,0,27.6825,37,0,0,0,1.79588,4.4841
1,1,4,O-ET,1,31.72,2,0,0,27.73,40,0,0,0,2.16002,2.99654
1,1,4,O-SW,1,46.64,0,0,0.31533,36.46,59,0,0,0,3.78263,5.53433
1,1,4,O-BW,1,43.02,1,0,0,35.11,54,0,0,0,5.27341,16.696
1,1,4,ET+SW,1,43.18,1,0,0,34.39,54,0,0,0,3.52463,4.82544
1,1,4,ET+BW,1,47.89,1,0,0,37.3725,60,0,0,0,5.42813,9.70003
1,1,4,SW+BW,1,43.02,1,0,0,35.11,54,0,0,0,7.96785,12.1341
1,1,4,SH,1,47.89,1,0,0,37.3725,60,0,0,0,7.37965,10.9952
1,1,5,NONE,1,29.98,4,0,0,27.695,38,0,0,0,2.40301,4.79326
1,1,5,O-ET,1,31.74,3,0,0,28.335,40,0,0,0,2.41964,3.63713
1,1,5,O-SW,1,165.94,5,0,0,107.085,208,0,0,0,3.488,12.4262
1,1,5,O-BW,1,97.82,4,0,0,57.4549,123,2,0,0,4.31316,6.88607
1,1,5,ET+SW,1,95.32,0,0,0.0811566,59.1199,120,0,0,0,4.31866,10.5314
1,1,5,ET+BW,1,65.21,0,0,0.234754,43.41,82,1,0,0,5.35576,11.6356
1,1,5,SW+BW,1,125.25,3,0,0,76.1124,157,3,0,0,6.07202,10.0173
1,1,5,SH,1,177.1,1,0,0,107.075,222,6,0,0,6.61385,14.1701
1,1,6,NONE,1,28.76,4,0,0,26.78,36,0,0,0,1.73698,2.54679
1,1,6,O-ET,1,29.8,0,0,0.0868177,27.25,38,0,0,0,2.25839,3.61906
1,1,6,O-SW,1,60.63,3,0,0,49.3149,76,0,0,0,3.75157,7.48478
1,1,6,O-BW,1,60.29,1,0,0,48.8724,76,0,0,0,5.45804,8.4887
1,1,6,ET+SW,1,60.48,0,0,0.137203,46.5199,76,0,0,0,4.01027,6.26724
1,1,6,ET+BW,1,57.29,0,0,0.132269,43.1224,72,0,0,0,5.14158,6.52593
1,1,6,SW+BW,1,60.29,1,0,0,48.8724,76,0,0,0,7.45874,10.0409
1,1,6,SH,1,57.29,0,0,0.132269,43.1224,72,0,0,0,6.64931,8.84725
1,1,7,NONE,1,33.67,2,0,0,32.0175,43,0,0,0,1.61898,2.07741
1,1,7,O-ET,1,35.55,0,0,0.0986334,32.0875,45,0,0,0,1.95038,2.21959
1,1,7,O-SW,1,183.77,2,0,0,111.942,230,0,0,0,3.46665,6.37244
1,1,7,O-BW,1,95.01,2,0,0,65.9049,119,2,0,0,4.62214,8.41671
1,1,7,ET+SW,1,236.66,4,0,0,137.93,296,0,0,0,3.94778,14.6543
1,1,7,ET+BW,1,144.79,1,0,0,91.5974,181,2,0,0,4.69398,11.4034
1,1,7,SW+BW,1,238.52,4,0,0,141.46,299,6,0,0,5.85295,9.68954
1,1,7,SH,1,238.33,2,0,0,150.782,298,3,0,0,6.29499,13.4445
1,1,8,NONE,1,27.61,1,0,0,26.1025,35,0,0,0,1.57541,2.07836
1,1,8,O-ET,1,28.04,1,0,0,26.22,36,0,0,0,1.85242,2.38278
1,1,8,O-SW,1,45.54,0,0,0.364523,27.37,57,0,0,0,3.21026,4.42324
1,1,8,O-BW,1,44.91,0,0,0.748609,27.4275,57,1,0,0,3.86255,7.23318
1,1,8,ET+SW,1,45.54,0,0,0.364523,27.37,57,0,0,0,3.65459,6.38856
1,1,8,ET+BW,1,44.91,0,0,0.748609,27.4275,57,1,0,0,4.00489,5.20828
1,1,8,SW+BW,1,45.2,0,0,0.514031,27.6,57,1,0,0,5.4002,9.4141
1,1,8,SH,1,45.2,0,0,0.514031,27.6,57,1,0,0,5.68148,9.23608
1,1,9,NONE,1,26.17,1,0,0,24.5425,33,0,0,0,2.20542,3.04779
1,1,9,O-ET,1,26.21,0,0,0.241349,24.505,33,0,0,0,2.37382,4.76873
1,1,9,O-SW,1,187.11,2,0,0,123.955,234,0,0,0,3.46503,13.0574
1,1,9,O-BW,1,66.79,1,0,0,38.595,84,3,0,0,3.63831,5.16009
1,1,9,ET+SW,1,209.25,1,0,0,134.512,262,0,0,0,3.55481,9.51774
1,1,9,ET+BW,1,110.66,2,0,0,70.0599,139,3,0,0,4.38178,10.4668
1,1,9,SW+BW,1,187.63,1,0,0,117.615,235,6,0,0,5.45536,9.8709
1,1,9,SH,1,175.14,1,0,0,105.785,219,7,0,0,5.72308,19.9258
1,1,10,NONE,1,31.23,3,0,0,29.8075,40,0,0,0,1.80699,2.63179
1,1,10,O-ET,1,32.1,1,0,0,30.425,41,0,0,0,2.33114,5.5899
1,1,10,O-SW,1,282.48,10,0,0,171.02,354,0,0,0,3.38446,7.90985
1,1,10,O-BW,1,133.29,3,0,0,88.1224,167,2,0,0,4.91009,11.1465
1,1,10,ET+SW,1,66.24,0,0,0.0679574,47.92,83,0,0,0,4.01204,7.05108
1,1,10,ET+BW,1,64.65,0,0,0.115816,46.5625,81,0,0,0,4.99526,7.38249
1,1,10,SW+BW,1,207.4,7,0,0,126.45,260,5,0,0,5.56851,11.1677
1,1,10,SH,1,64.65,0,0,0.115816,46.5625,81,0,0,0,7.71093,17.0858
1,1,11,NONE,1,28.68,2,0,0,26.77,36,0,0,0,1.70919,2.69374
1,1,11,O-ET,1,29.69,2,0,0,26.8225,38,0,0,0,1.92692,4.07033
1,1,11,O-SW,1,95.84,2,0,0,57.76,120,0,0,0,3.67996,7.63406
1,1,11,O-BW,1,64.28,1,0,0,38.67,81,2,0,0,4.57107,7.46275
1,1,11,ET+SW,1,102.28,2,0,0,59.57,128,0,0,0,3.67933,5.8716
1,1,11,ET+BW,1,62.93,1,0,0,35.93,79,2,0,0,4.0477,6.13313
1,1,11,SW+BW,1,96.7,2,0,0,57.575,121,3,0,0,5.04629,7.22636
1,1,11,SH,1,103.03,1,0,0,56.715,129,5,0,0,5.86801,11.8148
1,1,12,NONE,1,29.14,1,0,0,27.685,37,0,0,0,1.62013,2.03279
1,1,12,O-ET,1,28.7,3,0,0,27.725,36,0,0,0,1.9316,4.33701
1,1,12,O-SW,1,54.58,0,0,0.0421166,42.445,69,0,0,0,4.04854,6.80259
1,1,12,O-BW,1,85.82,1,0,0,48.51,108,3,0,0,4.30862,7.98994
1,1,12,ET+SW,1,53.59,0,0,0.18505,43.9975,67,0,0,0,4.51951,6.85141
1,1,12,ET+BW,1,54.33,0,0,0.420055,42.165,68,0,0,0,5.27411,7.79129
1,1,12,SW+BW,1,202.52,2,0,0,101.03,254,7,0,0,6.30828,53.2247
1,1,12,SH,1,54.33,0,0,0.420055,42.165,68,0,0,0,6.56946,14.6738
1,1,13,NONE,1,29.93,0,0,0.308468,28.2825,38,0,0,0,2.28871,3.9883
1,1,13,O-ET,1,29.93,0,0,0.308468,28.2825,38,0,0,0,2.35384,3.3433
1,1,13,O-SW,1,58.7,0,0,0.184964,40.275,74,0,0,0,4.65439,13.7579
1,1,13,O-BW,1,49.36,1,0,0,33.34,62,1,0,0,5.6343,25.4797
1,1,13,ET+SW,1,57.58,0,0,0.23526,41.39,72,0,0,0,4.5801,8.39043
1,1,13,ET+BW,1,47.33,0,0,0.0543137,32.0325,60,1,0,0,5.72211,8.87847
1,1,13,SW+BW,1,57.52,0,0,0.256854,39.56,72,1,0,0,6.58782,9.23028
1,1,13,SH,1,60.14,0,0,0.229803,41.835,76,1,0,0,7.26223,11.1671
1,1,14,NONE,1,28.08,1,0,0,26.02,36,0,0,0,1.54705,1.90761
1,1,14,O-ET,1,29.02,0,0,0.238072,26.055,37,0,0,0,2.00147,2.28207
1,1,14,O-SW,1,178.35,1,0,0,84.3749,223,0,0,0,3.87805,7.00131
1,1,14,O-BW,1,106.34,2,0,0,57.77,133,4,0,0,5.87537,12.4423
1,1,14,ET+SW,1,67.1,1,0,0,40.1,84,0,0,0,5.03948,8.18384
1,1,14,ET+BW,1,134.34,4,0,0,78.7849,168,5,0,0,5.69965,8.79828
1,1,14,SW+BW,1,178.21,1,0,0,86.9524,223,9,0,0,6.73553,26.5325
1,1,14,SH,1,177.58,3,0,0,92.7949,222,9,0,0,6.84333,12.9781
1,1,15,NONE,1,29.33,3,0,0,27.3325,37,0,0,0,1.8371,5.57582
1,1,15,O-ET,1,30.9,2,0,0,27.325,39,0,0,0,2.31703,6.65357
1,1,15,O-SW,1,124.38,2,0,0,67.8949,156,0,0,0,3.9878,6.72551
1,1,15,O-BW,1,124.71,2,0,0,73.5774,156,2,0,0,5.38948,12.8089
1,1,15,ET+SW,1,124.34,1,0,0,79.6849,156,0,0,0,4.8251,6.67895
1,1,15,ET+BW,1,123.5,2,0,0,80.2749,155,1,0,0,5.88887,12.1521
1,1,15,SW+BW,1,124.7,2,0,0,69.3749,156,4,0,0,7.43544,17.0122
1,1,15,SH,1,143.44,3,0,0,86.4399,180,1,0,0,8.40448,16.5458
1,1,16,NONE,1,30.55,3,0,0,29.0375,39,0,0,0,1.8224,2.77798
1,1,16,O-ET,1,32.2,3,0,0,29.45,41,0,0,0,2.44085,4.19373
1,1,16,O-SW,1,69.13,3,0,0,36.2825,87,0,0,0,3.2686,4.76607
1,1,16,O-BW,1,138.89,4,0,0,82.5224,174,4,0,0,4.49912,10.2446
1,1,16,ET+SW,1,130.26,5,0,0,87.3299,163,0,0,0,3.66875,5.38217
1,1,16,ET+BW,1,118.43,5,0,0,71.4074,149,4,0,0,4.696,9.31573
1,1,16,SW+BW,1,131.69,3,0,0,80.9224,165,2,0,0,5.80364,11.2123
1,1,16,SH,1,135.99,7,0,0,88.1974,170,3,0,0,6.16941,13.1246
1,1,17,NONE,1,28.98,2,0,0,26.845,37,0,0,0,2.10331,4.70328
1,1,17,O-ET,1,29.41,1,0,0,26.9525,37,0,0,0,2.73031,3.58652
1,1,17,O-SW,1,100.78,2,0,0,66.9949,126,0,0,0,3.96066,8.33218
1,1,17,O-BW,1,69.79,1,0,0,41.0475,88,3,0,0,4.37473,6.06094
1,1,17,ET+SW,1,116.6,0,0,0.0593074,87.0999,146,0,0,0,4.02058,7.67704
1,1,17,ET+BW,1,47.25,1,0,0,37.2375,60,1,0,0,4.4748,6.14867
1,1,17,SW+BW,1,82.77,1,0,0,53.2925,104,2,0,0,6.85316,20.7852
1,1,17,SH,1,70.15,0,0,0.180427,43.075,88,2,0,0,6.23529,18.9358
1,1,18,NONE,1,27.12,1,0,0,25.76,34,0,0,0,1.69632,2.31667
1,1,18,O-ET,1,27.81,0,0,0.0554186,25.7525,35,0,0,0,1.88659,2.38639
1,1,18,O-SW,1,47.6,0,0,0.601503,33.1,60,0,0,0,2.96436,4.68487
1,1,18,O-BW,1,37.57,1,0,0,26.3925,47,1,0,0,3.94046,5.78106
1,1,18,ET+SW,1,47.56,0,0,0.501452,33.89,60,0,0,0,3.00036,3.59346
1,1,18,ET+BW,1,47.41,0,0,0.363521,33.0525,60,0,0,0,3.91402,6.23925
1,1,18,SW+BW,1,47.96,0,0,0.694489,31.99,60,1,0,0,4.6159,6.2763
1,1,18,SH,1,47.41,0,0,0.363521,33.0525,60,0,0,0,5.06789,7.55122
1,1,19,NONE,1,30.44,3,0,0,26.41,39,0,0,0,1.76097,2.17968
1,1,19,O-ET,1,30.29,1,0,0,26.7725,38,0,0,0,2.34188,6.19256
1,1,19,O-SW,1,82.24,1,0,0,54.76,103,0,0,0,3.53254,4.91264
1,1,19,O-BW,1,77.93,0,0,0.238974,54.6825,98,1,0,0,4.63811,6.3443
1,1,19,ET+SW,1,82.38,0,0,0.0865189,52.595,103,0,0,0,3.85687,5.52173
1,1,19,ET+BW,1,78.95,1,0,0,56.9374,99,0,0,0,5.71995,10.0109
1,1,19,SW+BW,1,114.17,1,0,0,66.2849,143,4,0,0,7.1603,45.6114
1,1,19,SH,1,78.95,1,0,0,56.9374,99,0,0,0,8.39259,40.9783
1,2,0,NONE,1,30.73,1,0,0,28.4825,39,0,0,0,2.03304,2.42768
1,2,0,O-ET,1,31.11,0,0,0.064011,28.3775,39,0,0,0,2.21287,2.84977
1,2,0,O-SW,1,194.48,4,0,0,108.46,244,0,0,0,3.74743,11.7263
1,2,0,O-BW,1,94.19,4,0,0,44.695,118,6,0,0,4.45122,12.4456
1,2,0,ET+SW,1,57.49,1,0,0,40.745,72,0,0,0,3.96675,8.21871
1,2,0,ET+BW,1,76.64,3,0,0,40.04,96,5,0,0,4.7403,7.31866
1,2,0,SW+BW,1,277,5,0,0,125.25,347,16,0,0,5.66989,11.7279
1,2,0,SH,1,145.68,1,0,0,71.8199,183,7,0,0,5.52572,9.46798
1,2,1,NONE,1,33.17,3,0,0,29.8925,42,0,0,0,2.03318,4.13136
1,2,1,O-ET,1,40.29,2,0,0,32.6725,51,0,0,0,2.12133,2.98909
1,2,1,O-SW,1,105.9,0,0,0.218233,65.8749,133,0,0,0,3.94201,11.5796
1,2,1,O-BW,1,211.51,1,0,0,79.2774,265,14,0,0,4.68576,14.259
1,2,1,ET+SW,1,104.82,1,0,0,66.6049,132,0,0,0,4.29988,8.61926
1,2,1,ET+BW,1,110.01,5,0,0,51.9024,138,6,0,0,5.07629,13.7457
1,2,1,SW+BW,1,274.42,4,0,0,102.41,344,23,0,0,5.03609,19.7446
1,2,1,SH,1,236.54,3,0,0,104.87,296,12,0,0,6.18894,20.6939
1,2,2,NONE,1,32.27,4,0,0,30.8675,41,0,0,0,2.0105,2.48856
1,2,2,O-ET,1,33.21,2,0,0,30.81,42,0,0,0,2.1524,2.75367
1,2,2,O-SW,1,92.68,3,0,0,60.7699,116,0,0,0,3.39562,5.68316
1,2,2,O-BW,1,100.56,4,0,0,42.94,126,6,0,0,4.02466,9.3856
1,2,2,ET+SW,1,121.97,2,0,0,55.8924,153,0,0,0,3.76566,6.46197
1,2,2,ET+BW,1,114.87,4,0,0,55.9174,144,7,0,0,4.50428,11.2528
1,2,2,SW+BW,1,295.23,8,0,0,129.822,370,19,0,0,5.61706,11.7015
1,2,2,SH,1,149.93,0,0,0.0292483,64.0824,188,8,0,0,5.5097,14.3374
1,2,3,NONE,1,30.71,3,0,0,28.6775,39,0,0,0,2.59157,3.76236
1,2,3,O-ET,1,31.91,1,0,0,28.755,40,0,0,0,2.9368,8.5328
1,2,3,O-SW,1,171,2,0,0,87.7499,214,0,0,0,3.32831,5.69004
1,2,3,O-BW,1,65.36,4,0,0,34.36,82,3,0,0,4.62576,8.49781
1,2,3,ET+SW,1,281.7,7,0,0,125.5,353,0,0,0,3.87543,13.1714
1,2,3,ET+BW,1,94.26,1,0,0,46.9649,118,6,0,0,4.74444,8.06559
1,2,3,SW+BW,1,175.8,0,0,0.193186,75.5499,220,11,0,0,5.98866,11.6706
1,2,3,SH,1,155.3,3,0,0,74.4249,195,11,0,0,5.66005,9.46401
1,2,4,NONE,1,32.07,1,0,0,28.2175,41,0,0,0,2.40739,2.88796
1,2,4,O-ET,1,32.18,0,0,0.0678709,28.245,41,0,0,0,3.5211,4.0923
1,2,4,O-SW,1,48.4,0,0,0.286966,37.1,61,0,0,0,4.39017,6.05279
1,2,4,O-BW,1,83.19,6,0,0,35.3975,104,6,0,0,5.05156,9.34143
1,2,4,ET+SW,1,49.38,0,0,0.286966,37.345,62,0,0,0,4.07371,5.72646
1,2,4,ET+BW,1,106.29,1,0,0,44.3725,133,7,0,0,5.62797,14.4967
1,2,4,SW+BW,1,221.76,0,0,0.134578,81.9599,278,15,0,0,5.7331,11.3556
1,2,4,SH,1,234.75,6,0,0,92.4874,294,17,0,0,5.6038,10.7075
1,2,5,NONE,1,29.17,1,0,0,26.6925,37,0,0,0,2.33598,4.0602
1,2,5,O-ET,1,30.03,1,0,0,26.7075,38,0,0,0,2.49985,2.85525
1,2,5,O-SW,1,89.36,1,0,0,55.7399,112,0,0,0,3.40386,5.85871
1,2,5,O-BW,1,110.08,1,0,0,49.52,138,6,0,0,4.89084,8.45513
1,2,5,ET+SW,1,89.06,4,0,0,52.4649,112,0,0,0,4.11673,8.04407
1,2,5,ET+BW,1,103.15,2,0,0,47.1625,129,7,0,0,4.60064,8.13487
1,2,5,SW+BW,1,232.21,9,0,0,94.4524,291,15,0,0,5.62462,9.2448
1,2,5,SH,1,397.18,5,0,0,160.495,497,25,0,0,6.30956,13.8173
1,2,6,NONE,1,29.76,1,0,0,27.84,38,0,0,0,2.46987,2.95399
1,2,6,O-ET,1,31.3,1,0,0,27.825,40,0,0,0,2.68797,3.20155
1,2,6,O-SW,1,62.49,3,0,0,30.4225,79,0,0,0,3.71147,4.82493
1,2,6,O-BW,1,95.96,3,0,0,39.79,120,7,0,0,4.8893,13.4374
1,2,6,ET+SW,1,69.34,1,0,0,38.935,87,0,0,0,4.0144,5.1222
1,2,6,ET+BW,1,96.2,2,0,0,37.55,121,7,0,0,4.62867,6.88064
1,2,6,SW+BW,1,251.27,1,0,0,100.452,315,17,0,0,6.29929,13.2181
1,2,6,SH,1,241.67,2,0,0,94.4174,303,16,0,0,6.08705,45.6879
1,2,7,NONE,1,29.86,2,0,0,27.865,38,0,0,0,2.38201,3.08195
1,2,7,O-ET,1,32.62,2,0,0,28.555,41,0,0,0,2.6125,2.96861
1,2,7,O-SW,1,127.92,1,0,0,77.7799,160,0,0,0,3.2478,7.81229
1,2,7,O-BW,1,108.79,2,0,0,47.1974,136,7,0,0,5.22214,10.4834
1,2,7,ET+SW,1,128.62,2,0,0,80.5549,161,0,0,0,4.01631,25.3371
1,2,7,ET+BW,1,108.92,3,0,0,43.63,137,8,0,0,4.82171,8.53127
1,2,7,SW+BW,1,499.15,14,0,0,213.375,624,33,0,0,6.01282,18.695
1,2,7,SH,1,404.27,5,0,0,169.667,506,24,0,0,5.96303,27.1533
1,2,8,NONE,1,29.18,4,0,0,27.095,37,0,0,0,2.73485,10.3164
1,2,8,O-ET,1,34.75,5,0,0,27.8875,44,0,0,0,2.94067,9.45613
1,2,8,O-SW,1,90.59,0,0,0.273548,47.0475,114,0,0,0,4.17712,31.0486
1,2,8,O-BW,1,78.42,1,0,0,38.41,99,6,0,0,5.26963,12.6321
1,2,8,ET+SW,1,103.1,0,0,0.343916,56.575,129,0,0,0,4.01244,8.36493
1,2,8,ET+BW,1,65.06,1,0,0,33.865,82,3,0,0,5.02815,12.7934
1,2,8,SW+BW,1,238.99,4,0,0,93.7474,299,16,0,0,6.56679,23.2102
1,2,8,SH,1,240.81,0,0,0.00481621,89.6024,302,17,0,0,7.10217,21.2983
1,2,9,NONE,1,34.83,2,0,0,33.1075,44,0,0,0,2.32363,2.68016
1,2,9,O-ET,1,36.47,4,0,0,32.7175,46,0,0,0,2.50314,3.0522
1,2,9,O-SW,1,293.24,4,0,0,138.31,367,0,0,0,3.24029,6.86392
1,2,9,O-BW,1,109.91,4,0,0,57.3549,138,5,0,0,4.40263,6.62611
1,2,9,ET+SW,1,114.03,2,0,0,61.0299,143,0,0,0,3.63332,6.5096
1,2,9,ET+BW,1,135.54,3,0,0,64.8549,170,9,0,0,4.16336,6.98813
1,2,9,SW+BW,1,477.11,10,0,0,193.51,597,29,0,0,4.90997,16.3544
1,2,9,SH,1,372.8,7,0,0,162,466,25,0,0,6.01458,51.9041
1,2,10,NONE,1,34.31,1,0,0,31.955,43,0,0,0,2.2746,3.19755
1,2,10,O-ET,1,35.01,0,0,0.0344428,31.9525,44,0,0,0,2.4906,4.82338
1,2,10,O-SW,1,130.85,3,0,0,55.05,164,0,0,0,3.81361,10.5403
1,2,10,O-BW,1,104.72,3,0,0,41.76,131,8,0,0,3.91179,7.98651
1,2,10,ET+SW,1,65.72,0,0,0.872667,37.83,83,0,0,0,3.52322,5.15323
1,2,10,ET+BW,1,72.06,4,0,0,36.43,91,3,0,0,5.08816,13.5979
1,2,10,SW+BW,1,125,0,0,0.0700017,50.4,157,9,0,0,4.70667,9.83938
1,2,10,SH,1,257.4,5,0,0,98.5499,322,17,0,0,5.09174,20.5428
1,2,11,NONE,1,33.09,6,0,0,30.0725,42,0,0,0,1.92849,2.37356
1,2,11,O-ET,1,36.51,6,0,0,31.51,46,0,0,0,2.34747,3.42881
1,2,11,O-SW,1,112.01,3,0,0,50.205,141,0,0,0,3.89704,9.29592
1,2,11,O-BW,1,99.1,1,0,0,41.1,124,8,0,0,4.42473,12.4579
1,2,11,ET+SW,1,179.44,3,0,0,103.46,225,0,0,0,3.98266,10.1718
1,2,11,ET+BW,1,111.61,1,0,0,47.7024,140,8,0,0,4.99448,14.5246
1,2,11,SW+BW,1,248.75,4,0,0,96.5749,311,16,0,0,5.55586,31.1995
1,2,11,SH,1,442.02,2,0,0,190.21,553,26,0,0,6.61951,21.297
1,2,12,NONE,1,31.29,2,0,0,29.2225,40,0,0,0,3.05759,9.14667
1,2,12,O-ET,1,33.43,1,0,0,29.3575,42,0,0,0,2.65024,3.23563
1,2,12,O-SW,1,155.43,2,0,0,75.0574,195,0,0,0,3.69548,6.13041
1,2,12,O-BW,1,113.51,3,0,0,53.3099,142,6,0,0,4.44415,11.2727
1,2,12,ET+SW,1,257.3,3,0,0,118.925,322,0,0,0,3.98321,16.6723
1,2,12,ET+BW,1,128.73,2,0,0,59.3649,161,7,0,0,5.20274,9.94927
1,2,12,SW+BW,1,347.5,8,0,0,145.875,435,21,0,0,5.82679,17.4975
1,2,12,SH,1,304.04,3,0,0,124.24,381,18,0,0,5.38389,18.4274
1,2,13,NONE,1,29.17,4,0,0,27.6925,37,0,0,0,2.22611,3.48742
1,2,13,O-ET,1,30.27,2,0,0,27.735,38,0,0,0,2.23581,3.42085
1,2,13,O-SW,1,94.33,2,0,0,56.1824,118,0,0,0,3.12124,5.04478
1,2,13,O-BW,1,126.64,3,0,0,56.24,159,7,0,0,5.12358,19.287
1,2,13,ET+SW,1,91.26,0,0,0.106589,48.015,115,0,0,0,4.03417,13.5477
1,2,13,ET+BW,1,91.86,1,0,0,36.565,115,5,0,0,4.66624,9.02194
1,2,13,SW+BW,1,162.77,6,0,0,67.5699,204,9,0,0,7.13949,13.3095
1,2,13,SH,0,600,7,0,0,254.6,750,38,0,0,5.9034,55.8373
1,2,14,NONE,1,32.23,4,0,0,30.2575,41,0,0,0,3.14088,10.5422
1,2,14,O-ET,1,32.65,2,0,0,30.525,41,0,0,0,3.22729,4.37351
1,2,14,O-SW,1,80.16,2,0,0,49.44,101,0,0,0,3.04112,6.41281
1,2,14,O-BW,1,128.26,8,0,0,57.4649,161,6,0,0,5.42338,9.84801
1,2,14,ET+SW,1,163.68,2,0,0,93.3199,205,0,0,0,3.64352,6.68325
1,2,14,ET+BW,1,172.45,3,0,0,70.3124,216,11,0,0,4.89555,10.0041
1,2,14,SW+BW,1,265.35,4,0,0,103.55,332,18,0,0,5.55899,11.6791
1,2,14,SH,1,270.94,2,0,0,99.6049,339,23,0,0,6.50662,12.3745
1,2,15,NONE,1,30.23,3,0,0,28.315,38,0,0,0,2.01091,3.19928
1,2,15,O-ET,1,32.59,1,0,0,29.5475,41,0,0,0,2.108,3.52149
1,2,15,O-SW,1,76.63,0,0,0.181532,41.1575,96,0,0,0,3.04755,4.40799
1,2,15,O-BW,1,91.36,8,0,0,48.12,115,3,0,0,4.50172,7.61014
1,2,15,ET+SW,1,83.31,4,0,0,48.2275,105,0,0,0,3.88635,21.3558
1,2,15,ET+BW,1,142.27,3,0,0,68.1674,178,8,0,0,4.38715,18.9479
1,2,15,SW+BW,1,108.39,1,0,0,47.4974,136,5,0,0,5.99066,11.9679
1,2,15,SH,1,162,5,0,0,73.6999,203,8,0,0,5.98282,12.4815
1,2,16,NONE,1,31.69,0,0,0.0300589,29.5225,40,0,0,0,2.32049,2.77028
1,2,16,O-ET,1,33.68,1,0,0,31.02,43,0,0,0,2.68743,5.09457
1,2,16,O-SW,1,119.75,1,0,0,61.9374,150,0,0,0,3.7103,5.62514
1,2,16,O-BW,1,91.72,2,0,0,42.13,115,6,0,0,4.60269,7.22666
1,2,16,ET+SW,1,73.53,0,0,0.110064,47.565,92,0,0,0,4.16071,8.78234
1,2,16,ET+BW,1,173.12,1,0,0,79.8799,217,10,0,0,4.85926,8.75271
1,2,16,SW+BW,1,181.62,2,0,0,74.2049,228,13,0,0,6.30689,17.1719
1,2,16,SH,1,323.8,4,0,0,134.35,405,17,0,0,5.81815,12.7913
1,2,17,NONE,1,33.04,5,0,0,31.06,42,0,0,0,2.36209,2.99705
1,2,17,O-ET,1,37.39,3,0,0,33.095,47,0,0,0,2.5928,3.27053
1,2,17,O-SW,1,125.9,5,0,0,67.0749,158,0,0,0,3.44832,5.90282
1,2,17,O-BW,1,128.64,3,0,0,58.6399,161,6,0,0,4.44398,7.11967
1,2,17,ET+SW,1,57.09,1,0,0,34.945,72,0,0,0,3.81638,5.50539
1,2,17,ET+BW,1,114.25,3,0,0,59.3624,143,5,0,0,4.7491,9.80887
1,2,17,SW+BW,1,161.56,5,0,0,74.3799,202,9,0,0,5.88344,9.55033
1,2,17,SH,1,177.48,1,0,0,75.7699,222,11,0,0,5.79204,10.2032
1,2,18,NONE,1,31.9,3,0,0,29.15,40,0,0,0,2.03722,2.52364
1,2,18,O-ET,1,36.36,3,0,0,29.69,46,0,0,0,2.92661,4.62768
1,2,18,O-SW,1,83.41,2,0,0,51.6525,105,0,0,0,3.93734,8.06028
1,2,18,O-BW,1,104.57,0,0,0.142716,46.3425,131,6,0,0,4.27815,7.88879
1,2,18,ET+SW,1,87.54,1,0,0,48.885,110,0,0,0,4.05108,8.71323
1,2,18,ET+BW,1,99.53,3,0,0,40.0825,125,5,0,0,5.30476,9.04449
1,2,18,SW+BW,0,600,18,0,0,238.2,750,42,0,0,5.0624,41.3272
1,2,18,SH,1,540.64,3,0,0,214.72,676,40,0,0,5.62074,20.7517
1,2,19,NONE,1,30.82,3,0,0,27.705,39,0,0,0,2.3697,4.61021
1,2,19,O-ET,1,29.59,3,0,0,27.795,37,0,0,0,2.60806,3.78434
1,2,19,O-SW,1,184.03,5,0,0,83.4074,231,0,0,0,3.11505,6.33089
1,2,19,O-BW,1,86.54,2,0,0,35.435,109,6,0,0,3.70806,7.27227
1,2,19,ET+SW,1,77.54,0,0,0.17079,44.185,97,0,0,0,3.33399,4.92724
1,2,19,ET+BW,1,78.28,2,0,0,40.34,98,4,0,0,4.6291,11.1507
1,2,19,SW+BW,1,190.02,3,0,0,76.1149,238,14,0,0,5.78191,11.7692
1,2,19,SH,1,167.58,1,0,0,69.6949,210,10,0,0,5.9424,15.1138
1,3,0,NONE,1,58.55,7,0,0,54.6375,74,0,0,0,2.46753,3.53338
1,3,0,O-ET,1,64.34,5,0,0,56.285,81,0,0,0,2.40222,3.77424
1,3,0,O-SW,1,180.31,7,0,0,96.6774,226,0,0,0,3.2674,7.3289
1,3,0,O-BW,1,163.13,6,0,0,81.5824,204,9,0,0,4.04462,22.1901
1,3,0,ET+SW,1,346.44,8,0,0,171.41,434,0,0,0,3.76895,17.2052
1,3,0,ET+BW,1,178.94,3,0,0,79.5349,224,10,0,0,4.22255,13.2946
1,3,0,SW+BW,1,383.99,11,0,0,182.795,480,18,0,0,5.9385,20.7707
1,3,0,SH,1,384.69,4,0,0,200.345,481,17,0,0,6.29795,25.0335
1,3,1,NONE,1,60.64,1,0,0,56.36,76,0,0,0,3.45705,11.1625
1,3,1,O-ET,1,60.58,1,0,0,56.745,76,0,0,0,3.78464,11.8291
1,3,1,O-SW,1,287.15,6,0,0,155.587,359,0,0,0,3.526,11.7941
1,3,1,O-BW,1,171.33,5,0,0,90.8324,215,7,0,0,4.59254,13.0945
1,3,1,ET+SW,1,564.85,7,0,0,266.225,707,0,0,0,3.68461,8.42571
1,3,1,ET+BW,1,201.05,6,0,0,111.662,252,7,0,0,3.94701,6.03245
1,3,1,SW+BW,1,502.1,9,0,0,235.85,628,28,0,0,4.86443,12.4157
1,3,1,SH,1,259.7,5,0,0,141.925,325,11,0,0,5.79052,10.3229
1,3,2,NONE,1,61.24,7,0,0,56.91,77,0,0,0,2.16007,3.06217
1,3,2,O-ET,1,57.53,6,0,0,51.1825,72,0,0,0,2.416,3.22281
1,3,2,O-SW,1,107.15,4,0,0,67.7874,134,0,0,0,3.48204,8.64361
1,3,2,O-BW,1,191.37,4,0,0,116.642,240,5,0,0,4.25371,7.57504
1,3,2,ET+SW,1,105.65,4,0,0,67.2124,133,0,0,0,3.68562,7.41931
1,3,2,ET+BW,1,136.75,2,0,0,77.5874,171,2,0,0,4.31778,6.45584
1,3,2,SW+BW,1,393.44,9,0,0,173.32,492,20,0,0,4.81599,18.0223
1,3,2,SH,1,146.05,4,0,0,83.5124,183,6,0,0,5.8321,11.8375
1,3,3,NONE,1,53.99,9,0,0,50.2975,68,0,0,1,2.47638,10.8387
1,3,3,O-ET,1,62.09,4,0,0,51.3225,78,0,0,0,2.77742,5.67676
1,3,3,O-SW,1,398.86,12,0,0,195.86,499,0,0,0,3.26397,7.27802
1,3,3,O-BW,1,199.43,7,0,0,101.257,250,6,0,0,4.43366,13.5622
1,3,3,ET+SW,1,295.77,8,0,0,144.542,370,0,0,0,3.79735,7.73549
1,3,3,ET+BW,1,212.26,6,0,0,108.13,266,9,0,0,4.13445,9.47194
1,3,3,SW+BW,0,600,20,0,0,274.8,750,33,0,0,4.81198,10.5969
1,3,3,SH,0,600,8,0,0,241.8,750,36,0,0,5.26353,15.7719
1,3,4,NONE,1,66.35,4,0,0,59.975,83,0,0,0,2.84466,3.89828
1,3,4,O-ET,1,70.34,6,0,0,61.785,88,0,0,0,2.94313,3.81865
1,3,4,O-SW,1,267.55,2,0,0,130.287,335,0,0,0,3.62776,5.80238
1,3,4,O-BW,1,239.64,5,0,0,128.33,300,8,0,0,3.96989,9.90954
1,3,4,ET+SW,0,600,9,0,0,273.4,750,0,0,0,3.69752,11.5159
1,3,4,ET+BW,1,158.89,1,0,0,90.5674,199,6,0,0,4.27476,15.3746
1,3,4,SW+BW,1,528.19,17,0,0,239.247,661,30,0,0,5.53872,40.2424
1,3,4,SH,1,376.37,7,0,0,184.17,471,16,0,0,5.79555,39.3366
1,3,5,NONE,1,52.14,1,0,0,46.035,66,0,0,0,2.64989,4.44523
1,3,5,O-ET,1,52.22,1,0,0,46.42,66,0,0,0,3.05826,7.1049
1,3,5,O-SW,1,131.34,5,0,0,73.6349,165,0,0,0,4.11951,8.33681
1,3,5,O-BW,1,205.97,2,0,0,104.092,258,8,0,0,4.68917,9.48219
1,3,5,ET+SW,1,314.84,9,0,0,170.51,394,0,0,0,4.56149,12.8962
1,3,5,ET+BW,1,204.24,2,0,0,114.52,256,8,0,0,4.06992,7.41925
1,3,5,SW+BW,1,314.95,6,0,0,156.337,394,13,0,0,5.52041,18.1539
1,3,5,SH,1,314.29,4,0,0,156.745,393,15,0,0,5.91295,18.0094
1,3,6,NONE,1,61.17,5,0,0,56.6925,77,0,0,0,2.63764,13.7259
1,3,6,O-ET,1,60.18,4,0,0,55.645,76,0,0,0,2.59383,5.04442
1,3,6,O-SW,1,207.83,1,0,0,113.472,260,0,0,0,3.60761,9.94262
1,3,6,O-BW,1,157.35,2,0,0,89.0124,197,5,0,0,4.99041,56.0337
1,3,6,ET+SW,1,207.43,4,0,0,116.172,260,0,0,0,4.56353,19.4452
1,3,6,ET+BW,1,171.8,5,0,0,85.4999,215,7,0,0,4.31479,11.5945
1,3,6,SW+BW,1,317.82,13,0,0,168.655,398,13,0,0,5.04572,10.1923
1,3,6,SH,1,207.62,2,0,0,114.915,260,7,0,0,5.48639,10.9975
1,3,7,NONE,1,57.83,2,0,0,54.2575,73,0,0,0,2.6921,4.21115
1,3,7,O-ET,1,64.47,5,0,0,55.3175,81,0,0,0,3.06086,4.96318
1,3,7,O-SW,1,209.4,6,0,0,113.55,262,0,0,0,3.44525,6.52369
1,3,7,O-BW,1,232.61,10,0,0,120.057,291,11,0,0,3.76421,9.01466
1,3,7,ET+SW,1,238.38,3,0,0,136.595,298,0,0,0,3.40708,4.91096
1,3,7,ET+BW,1,159.33,3,0,0,91.6649,200,7,0,0,3.99783,6.04868
1,3,7,SW+BW,1,286.91,7,0,0,138.927,359,13,0,0,4.98168,10.4444
1,3,7,SH,1,194.96,7,0,0,90.6199,244,10,0,0,5.10044,12.749
1,3,8,NONE,1,61.43,7,0,0,56.7575,77,0,0,0,2.04938,6.15214
1,3,8,O-ET,1,63.53,7,0,0,57.8825,80,0,0,0,2.25076,3.53665
1,3,8,O-SW,1,282.84,7,0,0,128.71,354,0,0,0,3.45574,7.67497
1,3,8,O-BW,1,331.92,11,0,0,181.98,415,8,0,0,4.14446,9.49552
1,3,8,ET+SW,1,241.04,5,0,0,113.92,302,0,0,0,3.74408,8.52113
1,3,8,ET+BW,1,162.39,2,0,0,69.5899,203,8,0,0,4.74869,11.3199
1,3,8,SW+BW,1,514.46,8,0,0,226.215,644,27,0,0,4.8862,15.4113
1,3,8,SH,1,442.96,15,0,0,214.74,554,20,0,0,5.08689,10.7095
1,3,9,NONE,1,57.34,4,0,0,50.335,72,0,0,0,2.30237,14.6395
1,3,9,O-ET,1,52.67,3,0,0,48.9675,66,0,0,0,2.45245,4.90555
1,3,9,O-SW,1,193.08,10,0,0,103.28,242,0,0,0,3.32718,7.35867
1,3,9,O-BW,1,169.52,7,0,0,94.1599,212,6,0,0,3.89997,7.05073
1,3,9,ET+SW,1,154.25,3,0,0,83.9624,193,0,0,0,4.28483,6.9804
1,3,9,ET+BW,1,168.42,5,0,0,92.8099,211,5,0,0,4.67819,18.3103
1,3,9,SW+BW,1,292.66,5,0,0,148.295,366,14,0,0,4.99093,14.3201
1,3,9,SH,1,528.36,9,0,0,267.49,661,24,0,0,5.07669,13.0608
1,3,10,NONE,1,59.26,3,0,0,55.015,75,0,0,0,2.31618,4.04213
1,3,10,O-ET,1,62.28,4,0,0,54.77,78,0,0,0,2.35425,3.54064
1,3,10,O-SW,1,255.52,7,0,0,137.88,320,0,0,0,3.75053,9.19685
1,3,10,O-BW,1,137.07,4,0,0,67.4674,172,8,0,0,4.35801,13.1629
1,3,10,ET+SW,1,154.5,4,0,0,81.0249,194,0,0,0,3.66681,8.28571
1,3,10,ET+BW,1,156.29,6,0,0,82.6724,196,7,0,0,4.27539,12.8653
1,3,10,SW+BW,1,422.88,6,0,0,192.32,529,23,0,0,4.96804,18.1802
1,3,10,SH,1,472.98,8,0,0,210.645,592,27,0,0,5.0752,12.7409
1,3,11,NONE,1,60.14,2,0,0,55.835,76,0,0,0,2.00973,2.72032
1,3,11,O-ET,1,59.42,1,0,0,55.455,75,0,0,0,2.31713,3.41108
1,3,11,O-SW,1,255.07,5,0,0,147.335,319,0,0,0,3.30018,7.66803
1,3,11,O-BW,1,254.66,9,0,0,146.865,319,11,0,0,3.76682,9.33546
1,3,11,ET+SW,1,230.39,12,0,0,132.79,288,0,0,0,3.70294,6.80488
1,3,11,ET+BW,1,242.13,5,0,0,132.132,303,9,0,0,4.27983,11.3719
1,3,11,SW+BW,1,576.26,11,0,0,258.86,721,35,0,0,4.61273,9.93838
1,3,11,SH,1,282.62,5,0,0,146.51,354,11,0,0,5.31671,15.6305
1,3,12,NONE,1,60.68,2,0,0,54.14,76,0,0,0,2.08666,3.23569
1,3,12,O-ET,1,58.26,3,0,0,49.165,73,0,0,0,2.46132,4.42674
1,3,12,O-SW,1,471.87,13,0,0,233.335,590,0,0,0,3.21115,7.25128
1,3,12,O-BW,1,174.26,9,0,0,79.3649,218,9,0,0,4.00072,7.06452
1,3,12,ET+SW,1,248.25,7,0,0,125.65,311,0,0,0,3.46327,9.07761
1,3,12,ET+BW,1,401.57,12,0,0,209.785,502,17,0,0,4.00135,15.2062
1,3,12,SW+BW,1,344.22,6,0,0,153.765,431,21,0,0,4.60217,9.17236
1,3,12,SH,1,543.91,7,0,0,233.355,680,31,0,0,4.99466,18.8056
1,3,13,NONE,1,60.67,4,0,0,56.1675,76,0,0,0,2.09566,2.63024
1,3,13,O-ET,1,62.84,3,0,0,57.42,79,0,0,0,2.4102,3.55944
1,3,13,O-SW,1,344.8,5,0,0,157.2,431,0,0,0,3.22381,5.76028
1,3,13,O-BW,1,157.12,1,0,0,92.0799,197,5,0,0,3.84535,5.41535
1,3,13,ET+SW,1,156.73,1,0,0,93.3649,196,0,0,0,3.75199,6.45084
1,3,13,ET+BW,1,171.1,6,0,0,89.9499,214,10,0,0,3.87803,6.32189
1,3,13,SW+BW,1,383.42,3,0,0,182.11,480,21,0,0,4.79315,10.3144
1,3,13,SH,1,295.23,4,0,0,144.007,370,15,0,0,5.01232,10.0368
1,3,14,NONE,1,56.16,4,0,0,52.24,71,0,0,0,2.13767,3.63763
1,3,14,O-ET,1,57.25,6,0,0,52.9125,72,0,0,0,2.35221,3.98946
1,3,14,O-SW,1,449.99,9,0,0,214.897,563,0,0,0,3.47294,9.7322
1,3,14,O-BW,1,127.24,5,0,0,69.2099,160,6,0,0,3.81414,6.32071
1,3,14,ET+SW,1,161.24,7,0,0,95.5099,202,0,0,0,3.92575,6.76443
1,3,14,ET+BW,1,215.21,4,0,0,109.602,270,8,0,0,4.16485,8.80338
1,3,14,SW+BW,0,600,15,0,0,291.4,750,25,0,0,5.23182,14.3378
1,3,14,SH,1,403.49,9,0,0,193.872,505,20,0,0,5.45001,12.8607
1,3,15,NONE,1,59.67,4,0,0,55.1175,75,0,0,0,2.01389,3.36793
1,3,15,O-ET,1,60.57,3,0,0,56.1425,76,0,0,0,2.55642,5.08939
1,3,15,O-SW,1,186.46,6,0,0,103.63,234,0,0,0,3.17813,5.61024
1,3,15,O-BW,1,186.89,7,0,0,116.29,234,4,0,0,4.16482,9.60595
1,3,15,ET+SW,1,272.45,4,0,0,138.912,341,0,0,0,3.63093,5.46694
1,3,15,ET+BW,1,243.13,6,0,0,117.165,304,9,0,0,4.33403,17.2287
1,3,15,SW+BW,1,310.49,4,0,0,149.245,389,16,0,0,5.16206,9.47585
1,3,15,SH,1,216.26,4,0,0,118.465,271,9,0,0,5.52887,13.0776
1,3,16,NONE,1,55.41,6,1,0,48.7725,70,0,0,2,2.42201,8.51203
1,3,16,O-ET,1,65.01,4,0,0,53.4525,82,0,0,0,2.28893,4.07992
1,3,16,O-SW,1,323.6,5,0,0,183.9,405,0,0,0,3.88101,9.83459
1,3,16,O-BW,1,142.89,3,0,0,72.8449,179,7,0,0,3.92401,6.55417
1,3,16,ET+SW,1,237.54,5,0,0,126.97,297,0,0,0,3.67674,7.71084
1,3,16,ET+BW,1,140.62,4,0,0,72.1099,176,8,0,0,4.65214,8.37903
1,3,16,SW+BW,0,600,13,0,0,283,750,29,0,0,5.0974,23.4993
1,3,16,SH,1,219.64,3,0,0,109.91,275,13,0,0,5.33853,9.63193
1,3,17,NONE,1,68.25,4,0,0,58.8625,86,0,0,0,2.16499,2.96887
1,3,17,O-ET,1,69.32,4,0,0,57.73,87,0,0,0,2.47154,4.84167
1,3,17,O-SW,1,264.91,8,0,0,161.51,332,0,0,0,3.57479,7.64205
1,3,17,O-BW,1,247.63,4,0,0,130.507,310,8,0,0,4.15711,14.2687
1,3,17,ET+SW,1,215.89,2,0,0,123.29,270,0,0,0,3.36505,8.11023
1,3,17,ET+BW,1,366.23,8,0,0,190.915,458,13,0,0,4.14599,51.4087
1,3,17,SW+BW,1,267.47,5,0,0,140.467,335,9,0,0,5.06014,23.0633
1,3,17,SH,1,368.62,5,0,0,176.555,461,17,0,0,4.86087,17.9037
1,3,18,NONE,1,60.44,5,0,0,57.51,76,0,0,0,2.03329,2.97046
1,3,18,O-ET,1,73.17,8,0,0,62.6925,92,0,0,0,2.24951,3.63196
1,3,18,O-SW,1,136.07,5,0,0,88.4174,171,0,0,0,3.51999,5.89242
1,3,18,O-BW,1,147.86,6,0,0,93.3299,185,1,0,0,4.26631,8.55185
1,3,18,ET+SW,1,275.47,10,0,0,159.267,345,0,0,0,3.52557,6.52721
1,3,18,ET+BW,1,247.33,10,0,0,120.032,310,11,0,0,3.89138,9.07864
1,3,18,SW+BW,1,370.6,7,0,0,185.7,464,16,0,0,4.95981,11.0481
1,3,18,SH,1,270.64,6,0,0,129.86,339,14,0,0,4.84364,7.88138
1,3,19,NONE,1,59.09,7,1,0,52.76,74,0,0,4,2.34592,8.11792
1,3,19,O-ET,1,60.74,5,0,0,54.585,76,0,0,0,2.26941,3.33167
1,3,19,O-SW,1,162.02,7,0,0,86.2099,203,0,0,0,3.11896,4.48813
1,3,19,O-BW,1,161.22,3,0,0,88.1149,202,7,0,0,4.10244,6.91319
1,3,19,ET+SW,1,287.44,4,0,0,159.92,360,0,0,0,3.79384,9.18904
1,3,19,ET+BW,1,181.79,4,0,0,100.942,228,7,0,0,4.31362,12.6338
1,3,19,SW+BW,1,270.71,7,0,0,134.51,339,11,0,0,5.09664,16.4535
1,3,19,SH,1,562.89,11,0,0,272.49,704,25,0,0,5.77626,24.7749
1,4,0,NONE,1,32.23,2,0,0,28.6575,41,0,0,0,2.47722,5.08663
1,4,0,O-ET,1,34.58,1,0,0,28.845,44,0,0,0,4.07668,5.7164
1,4,0,O-SW,1,160.56,6,0,0,84.6199,201,0,0,0,3.29439,6.7859
1,4,0,O-BW,1,221.38,9,0,0,92.0349,277,14,0,0,4.22002,14.6738
1,4,0,ET+SW,1,177.14,4,0,0,85.1399,222,0,0,0,3.66281,7.26003
1,4,0,ET+BW,1,148.9,8,0,0,71.2999,187,7,0,0,4.86305,38.7294
1,4,0,SW+BW,1,526.73,16,0,0,231.73,659,31,0,0,6.85874,24.9052
1,4,0,SH,1,263.03,5,0,0,112.557,329,15,0,0,6.43664,29.3031
1,4,1,NONE,1,46.37,1,0,0,39.1925,58,0,0,0,2.30881,2.99406
1,4,1,O-ET,1,47.86,1,0,0,39.965,60,0,0,0,2.28554,2.85508
1,4,1,O-SW,1,127.63,3,0,0,62.5074,160,0,0,0,4.4676,19.7013
1,4,1,O-BW,1,151.19,4,0,0,78.5974,189,7,0,0,6.55333,19.5665
1,4,1,ET+SW,1,173.78,1,0,0,95.5349,218,0,0,0,5.61649,22.1468
1,4,1,ET+BW,1,202.74,4,0,0,107.885,254,7,0,0,6.93254,21.0825
1,4,1,SW+BW,1,205.78,0,0,0.0790089,99.0449,258,12,0,0,6.72275,22.3566
1,4,1,SH,1,197.89,2,0,0,102.672,248,8,0,0,7.58287,32.0292
1,4,2,NONE,1,31.76,4,0,0,30.08,40,0,0,0,2.64281,4.26597
1,4,2,O-ET,1,32.72,5,0,0,30.58,41,0,0,0,2.24711,2.74945
1,4,2,O-SW,1,179.33,8,0,0,85.4324,225,0,0,0,3.50532,13.4724
1,4,2,O-BW,1,131.07,4,0,0,72.1349,164,5,0,0,4.02873,8.43335
1,4,2,ET+SW,1,129.1,2,0,0,65.6749,162,0,0,0,3.40838,5.98316
1,4,2,ET+BW,1,123.65,2,0,0,61.7124,155,6,0,0,4.08772,7.28118
1,4,2,SW+BW,1,359.56,5,0,0,159.78,450,19,0,0,5.36693,10.934
1,4,2,SH,1,132.57,2,0,0,67.7424,166,5,0,0,5.27304,9.63914
1,4,3,NONE,1,36.94,3,0,0,34.035,47,0,0,0,2.36905,3.29969
1,4,3,O-ET,1,37.38,3,0,0,33.945,47,0,0,0,2.6082,3.35158
1,4,3,O-SW,1,167.48,7,0,0,98.2699,210,0,0,0,3.22083,5.64807
1,4,3,O-BW,1,272.64,7,0,0,153.28,341,10,0,0,4.32735,8.45771
1,4,3,ET+SW,1,90.66,2,0,0,50.7299,114,0,0,0,3.66553,6.822
1,4,3,ET+BW,1,133.17,2,0,0,69.0924,167,5,0,0,4.70508,8.51736
1,4,3,SW+BW,1,297.91,3,0,0,127.077,373,19,0,0,5.10225,17.1348
1,4,3,SH,1,159.2,3,0,0,73.9999,199,10,0,0,5.83454,11.7936
1,4,4,NONE,1,34.62,3,0,0,31.255,44,0,0,0,2.00159,2.79203
1,4,4,O-ET,1,32.37,3,0,0,29.2925,41,0,0,0,2.26523,2.70468
1,4,4,O-SW,1,187.59,4,0,0,85.4974,235,0,0,0,3.70988,6.715
1,4,4,O-BW,1,137.38,6,0,0,66.1449,172,7,0,0,4.16583,8.28612
1,4,4,ET+SW,1,124.67,1,0,0,66.1349,156,0,0,0,3.82537,10.0469
1,4,4,ET+BW,1,105.74,2,0,0,54.9049,133,5,0,0,4.54688,14.5655
1,4,4,SW+BW,1,222.91,4,0,0,108.455,279,11,0,0,4.88421,13.8835
1,4,4,SH,1,281,1,0,0,133.25,352,15,0,0,6.08906,12.961
1,4,5,NONE,1,30.81,2,0,0,28.9025,39,0,0,0,2.61985,3.66826
1,4,5,O-ET,1,34.81,4,0,0,28.7025,44,0,0,0,3.54283,4.18732
1,4,5,O-SW,1,113.57,1,0,0,66.7924,142,0,0,0,3.29917,6.08613
1,4,5,O-BW,1,229.94,10,0,0,108.885,288,12,0,0,4.59392,12.7412
1,4,5,ET+SW,1,208.41,4,0,0,100.902,261,0,0,0,3.74192,13.1621
1,4,5,ET+BW,1,210.2,1,0,0,108.95,263,9,0,0,4.40342,7.69928
1,4,5,SW+BW,1,208.7,4,0,0,89.7749,261,13,0,0,5.04086,12.6393
1,4,5,SH,1,346.23,9,0,0,162.157,433,17,0,0,5.36112,20.4079
1,4,6,NONE,1,34.49,6,0,0,32.0225,44,0,0,0,2.22056,5.17515
1,4,6,O-ET,1,38.45,3,0,0,32.0125,49,0,0,0,2.38618,3.37033
1,4,6,O-SW,1,208.57,8,0,0,98.5424,261,0,0,0,3.31224,6.56658
1,4,6,O-BW,1,113.81,4,0,0,59.6524,143,6,0,0,4.07382,8.4278
1,4,6,ET+SW,1,168.47,5,0,0,93.9174,211,0,0,0,3.63478,13.3361
1,4,6,ET+BW,1,87.27,3,0,0,44.87,110,4,0,0,4.21031,7.23048
1,4,6,SW+BW,1,156.93,2,0,0,62.2974,197,9,0,0,4.80753,11.1041
1,4,6,SH,1,395.71,10,0,0,158.527,495,27,0,0,6.01722,22.7518
1,4,7,NONE,1,36.62,1,0,0,29.955,46,0,0,0,2.04138,2.77593
1,4,7,O-ET,1,42.1,0,0,0.011733,30.925,53,0,0,0,2.75266,14.4643
1,4,7,O-SW,1,106.3,1,0,0,49.1749,133,0,0,0,3.76704,6.85852
1,4,7,O-BW,1,161.46,1,0,0,82.9649,202,8,0,0,3.88836,11.793
1,4,7,ET+SW,1,289.58,4,0,0,116.19,362,0,0,0,3.89042,19.6433
1,4,7,ET+BW,1,162.69,2,0,0,81.8724,204,8,0,0,4.26746,17.132
1,4,7,SW+BW,1,164.16,2,0,0,80.6399,206,8,0,0,6.86094,19.9082
1,4,7,SH,1,167.17,2,0,0,79.9849,209,9,0,0,7.86527,20.687
1,4,8,NONE,1,44.97,3,0,0,38.6425,57,0,0,0,1.92365,2.29745
1,4,8,O-ET,1,46.72,5,0,0,38.68,59,0,0,0,4.06526,10.0979
1,4,8,O-SW,1,96.22,2,0,0,61.8549,121,0,0,0,3.94905,12.0334
1,4,8,O-BW,1,145.03,6,0,0,77.0574,182,6,0,0,6.3473,20.8456
1,4,8,ET+SW,1,323.79,6,0,0,144.547,405,0,0,0,4.49367,28.6264
1,4,8,ET+BW,1,135.43,2,0,0,65.0574,170,7,0,0,6.41539,16.1295
1,4,8,SW+BW,1,242.56,8,0,0,114.64,304,12,0,0,6.73502,27.5832
1,4,8,SH,1,242.12,9,0,0,109.66,303,15,0,0,7.96654,24.5971
1,4,9,NONE,1,47.01,1,0,0,41.1525,59,0,0,0,3.02647,20.242
1,4,9,O-ET,1,49.66,0,0,0.282569,41.815,63,0,0,0,2.42747,8.22832
1,4,9,O-SW,1,142.7,2,0,0,73.4749,179,0,0,0,5.10139,16.2759
1,4,9,O-BW,1,153.49,2,0,0,79.9449,192,7,0,0,5.56601,18.6294
1,4,9,ET+SW,1,143.78,3,0,0,79.0899,180,0,0,0,7.65601,18.2349
1,4,9,ET+BW,1,143.83,2,0,0,74.3574,180,6,0,0,5.57094,15.0323
1,4,9,SW+BW,1,370.51,9,0,0,169.627,464,24,0,0,7.48593,20.5406
1,4,9,SH,1,458.55,4,0,0,187.637,574,28,0,0,7.99896,38.6559
1,4,10,NONE,1,40.28,2,0,0,34.07,51,0,0,0,2.49588,5.99603
1,4,10,O-ET,1,39.58,2,0,0,34.895,50,0,0,0,5.23207,14.0078
1,4,10,O-SW,1,103.95,1,0,0,58.1749,130,0,0,0,4.26902,20.9016
1,4,10,O-BW,1,105.75,4,0,0,57.2374,133,7,0,0,6.80545,20.2949
1,4,10,ET+SW,1,112.66,1,0,0,57.3649,141,0,0,0,4.7386,13.1731
1,4,10,ET+BW,1,272.98,10,0,0,142.245,342,12,0,0,5.10049,15.6516
1,4,10,SW+BW,0,600,15,0,0,283.6,750,24,0,0,7.47341,22.8654
1,4,10,SH,1,232.39,6,0,0,108.497,291,12,0,0,6.86935,18.1972
1,4,11,NONE,1,33.87,4,0,0,30.4675,43,0,0,0,3.88781,10.4103
1,4,11,O-ET,1,33.63,3,0,0,30.6075,43,0,0,0,3.64459,6.79428
1,4,11,O-SW,1,147.52,3,0,0,66.7599,185,0,0,0,3.59987,11.0969
1,4,11,O-BW,1,144.8,10,0,0,72.9999,181,8,0,0,6.13639,17.5546
1,4,11,ET+SW,1,147.47,1,0,0,73.9349,185,0,0,0,5.63022,16.2038
1,4,11,ET+BW,1,107.48,3,0,0,52.0699,135,5,0,0,4.82591,9.89813
1,4,11,SW+BW,1,322.38,13,0,0,154.395,403,16,0,0,8.09311,21.1045
1,4,11,SH,1,244.56,5,0,0,104.34,306,14,0,0,8.05694,23.2586
1,4,12,NONE,1,37.11,1,0,0,33.4775,47,0,0,0,2.36045,4.11028
1,4,12,O-ET,1,37.37,1,0,0,33.7425,47,0,0,0,4.6616,14.1885
1,4,12,O-SW,1,149.59,3,0,0,87.9974,187,0,0,0,4.34215,18.973
1,4,12,O-BW,1,140.32,2,0,0,64.6399,176,7,0,0,5.7538,16.2217
1,4,12,ET+SW,1,63.29,2,0,0,40.2225,80,0,0,0,5.21924,17.0185
1,4,12,ET+BW,1,190.13,6,0,0,98.2649,238,9,0,0,4.65763,13.6476
1,4,12,SW+BW,1,271.74,8,0,0,115.335,340,15,0,0,8.20968,31.7175
1,4,12,SH,1,394.63,5,0,0,176.115,494,22,0,0,6.8295,24.9198
1,4,13,NONE,1,37.24,0,0,0.113312,32.71,47,0,0,0,3.66557,8.53815
1,4,13,O-ET,1,36.34,0,0,0.485615,32.485,46,0,0,0,2.26476,2.87301
1,4,13,O-SW,1,153.71,6,0,0,84.4274,193,0,0,0,5.75614,13.4913
1,4,13,O-BW,1,106.11,2,0,0,49.9099,133,6,0,0,5.73418,14.8731
1,4,13,ET+SW,1,115.03,3,0,0,60.0724,144,0,0,0,5.36533,14.3066
1,4,13,ET+BW,1,152.14,2,0,0,72.0349,191,7,0,0,4.8185,15.3537
1,4,13,SW+BW,1,186.07,3,0,0,85.3174,233,11,0,0,5.17043,8.17825
1,4,13,SH,1,233.38,3,0,0,113.98,292,12,0,0,5.78353,9.92031
1,4,14,NONE,1,35.12,1,0,0,31.38,44,0,0,0,1.97284,2.28545
1,4,14,O-ET,1,37.15,3,0,0,32.8875,47,0,0,0,2.16084,2.92175
1,4,14,O-SW,1,110.3,4,0,0,55.7499,138,0,0,0,3.33594,5.83053
1,4,14,O-BW,1,179.54,4,0,0,92.8849,225,8,0,0,3.90858,6.98955
1,4,14,ET+SW,1,108.49,0,0,0.200753,71.0449,136,0,0,0,3.37308,6.07925
1,4,14,ET+BW,1,165.91,4,0,0,83.1099,208,8,0,0,4.43872,8.14126
1,4,14,SW+BW,1,202.98,1,0,0,96.1449,254,12,0,0,4.86344,10.3537
1,4,14,SH,1,188.63,1,0,0,83.1149,236,10,0,0,5.40655,22.8105
1,4,15,NONE,1,36.08,4,0,0,32.02,46,0,0,0,2.1552,3.73474
1,4,15,O-ET,1,38.64,4,0,0,30.66,49,0,0,0,2.35707,4.59582
1,4,15,O-SW,1,102.59,3,0,0,50.695,129,0,0,0,3.47028,12.3868
1,4,15,O-BW,1,140.32,5,0,0,78.6799,176,6,0,0,4.06107,9.3771
1,4,15,ET+SW,1,82.64,4,0,0,48.86,104,0,0,0,3.80411,16.5923
1,4,15,ET+BW,1,115.27,1,0,0,58.8174,145,7,0,0,4.12413,7.15123
1,4,15,SW+BW,1,373.77,2,0,0,145.842,468,26,0,0,5.35466,11.5044
1,4,15,SH,1,181.76,0,0,0.0545193,87.8399,228,8,0,0,5.72167,9.43205
1,4,16,NONE,1,37.26,1,0,0,33.515,47,0,0,0,3.36751,5.38731
1,4,16,O-ET,1,40.06,1,0,0,34.615,51,0,0,0,2.51083,3.01896
1,4,16,O-SW,1,234.31,8,0,0,119.155,293,0,0,0,3.50898,10.9783
1,4,16,O-BW,1,240.61,3,0,0,124.752,301,11,0,0,4.30684,10.0516
1,4,16,ET+SW,1,103.99,5,0,0,58.5899,130,0,0,0,4.25764,10.5795
1,4,16,ET+BW,1,168.02,3,0,0,75.2149,211,10,0,0,4.31714,7.78667
1,4,16,SW+BW,1,518.77,8,0,0,224.385,649,29,0,0,5.76537,12.9132
1,4,16,SH,1,278.73,1,0,0,117.73,349,18,0,0,5.51416,14.4789
1,4,17,NONE,1,34.18,2,0,0,30.945,43,0,0,0,2.03888,3.90761
1,4,17,O-ET,1,39.12,5,0,0,33.78,49,0,0,0,2.2492,2.6939
1,4,17,O-SW,1,132.66,3,0,0,79.1299,166,0,0,0,3.53538,8.86514
1,4,17,O-BW,1,157.04,6,0,0,86.4599,197,7,0,0,4.17468,7.80624
1,4,17,ET+SW,1,78.04,5,0,0,51.9099,98,0,0,0,3.4437,9.85803
1,4,17,ET+BW,1,171.59,2,0,0,85.0924,215,8,0,0,4.23949,7.96056
1,4,17,SW+BW,1,208.29,5,0,0,80.8724,261,14,0,0,5.45843,13.3964
1,4,17,SH,1,261.37,4,0,0,112.942,327,15,0,0,6.3392,13.2871
1,4,18,NONE,1,47.25,7,0,0,39.2125,60,0,0,0,1.94133,2.37691
1,4,18,O-ET,1,56.71,4,0,0,40.5775,71,0,0,0,2.24887,2.80947
1,4,18,O-SW,1,344.56,12,0,0,187.16,431,0,0,0,3.71328,6.85385
1,4,18,O-BW,1,149.26,2,0,0,74.1149,187,6,0,0,4.49882,14.4678
1,4,18,ET+SW,1,328.19,11,0,0,157.247,411,0,0,0,4.06906,24.8598
1,4,18,ET+BW,1,151.4,5,0,0,74.2499,190,7,0,0,4.66333,10.9754
1,4,18,SW+BW,1,497.1,13,0,0,249.9,622,22,0,0,5.86296,34.8738
1,4,18,SH,1,328.61,1,0,0,152.152,411,16,0,0,5.6449,14.1364
1,4,19,NONE,1,43.12,1,0,0,38.58,54,0,0,0,2.28315,3.27178
1,4,19,O-ET,1,41.71,0,0,0.0258002,38.4275,53,0,0,0,2.53886,3.93852
1,4,19,O-SW,1,338.36,5,0,0,160.19,423,0,0,0,3.49784,21.6026
1,4,19,O-BW,1,131.22,4,0,0,64.2049,165,6,0,0,4.71225,34.4099
1,4,19,ET+SW,1,136.94,1,0,0,86.6699,172,0,0,0,4.02022,9.759
1,4,19,ET+BW,1,125.86,1,0,0,55.9949,158,8,0,0,4.08163,8.66415
1,4,19,SW+BW,1,344.62,11,0,0,141.155,431,23,0,0,4.93569,13.7238
1,4,19,SH,1,374.4,5,0,0,166.2,468,19,0,0,5.3018,18.6099
1,5,0,NONE,1,63.72,4,0,0,48.73,80,0,0,0,2.27247,4.42843
1,5,0,O-ET,1,65.04,7,0,0,48.86,82,0,0,0,2.48677,4.00976
1,5,0,O-SW,1,124.17,4,0,0,62.4424,156,0,0,0,3.16989,4.55459
1,5,0,O-BW,1,162.6,3,0,0,75.3999,204,9,0,0,4.03377,9.95285
1,5,0,ET+SW,1,134.31,1,0,0,70.5774,168,0,0,0,3.55183,6.81459
1,5,0,ET+BW,1,149.34,5,0,0,72.5399,187,9,0,0,4.21126,7.88216
1,5,0,SW+BW,0,600,12,0,0,265.8,750,32,0,0,5.22074,71.284
1,5,0,SH,0,600,9,0,0,259.2,750,37,0,0,5.17862,49.5474
1,5,1,NONE,1,56.12,3,0,0,42.23,71,0,0,0,2.14593,3.10486
1,5,1,O-ET,1,62.64,4,0,0,46.26,79,0,0,0,2.40859,3.61867
1,5,1,O-SW,1,197.34,6,0,0,97.3349,247,0,0,0,3.46248,11.3897
1,5,1,O-BW,1,184.97,5,0,0,97.6849,232,9,0,0,4.5985,23.6774
1,5,1,ET+SW,1,286.62,2,0,0,126.765,359,0,0,0,3.84156,11.7304
1,5,1,ET+BW,1,229.06,8,0,0,96.0649,287,13,0,0,4.14372,12.333
1,5,1,SW+BW,0,600,29,0,0,257,750,36,0,0,4.83481,17.6765
1,5,1,SH,0,600,7,0,0,253.8,750,35,0,0,4.92475,16.7766
1,5,2,NONE,1,63.08,4,0,0,51.74,79,0,0,0,2.15802,2.98945
1,5,2,O-ET,1,62.79,3,0,0,50.0975,79,0,0,0,2.57165,8.72247
1,5,2,O-SW,1,559.08,17,0,0,242.97,699,0,0,0,3.67652,19.39
1,5,2,O-BW,1,228.86,11,0,0,124.415,287,9,0,0,4.20055,11.6556
1,5,2,ET+SW,1,365.38,11,0,0,168.145,457,0,0,0,3.7182,17.0598
1,5,2,ET+BW,1,185.49,3,0,0,95.9449,232,9,0,0,4.15685,10.0728
1,5,2,SW+BW,0,600,15,0,0,267.6,750,38,0,0,5.01838,15.3055
1,5,2,SH,1,196.2,7,0,0,86.2499,246,10,0,0,5.75792,16.6431
1,5,3,NONE,1,56.54,4,0,0,42.735,71,0,0,0,2.19222,3.19859
1,5,3,O-ET,1,59,2,0,0,43.15,74,0,0,0,2.45056,3.27439
1,5,3,O-SW,1,142.11,2,0,0,76.3274,178,0,0,0,3.36408,5.37319
1,5,3,O-BW,1,378.75,13,0,0,168.375,474,21,0,0,3.74865,7.40951
1,5,3,ET+SW,1,148.56,2,0,0,78.4199,186,0,0,0,3.68748,12.3386
1,5,3,ET+BW,1,284.88,5,0,0,135.82,357,14,0,0,4.30215,13.3433
1,5,3,SW+BW,0,600,5,0,0,254.6,750,36,0,0,4.6889,10.441
1,5,3,SH,1,291.24,0,0,0.0790906,140.43,365,15,0,0,4.89148,10.2076
1,5,4,NONE,1,64.19,4,0,0,50.6475,81,0,0,0,2.3927,4.67047
1,5,4,O-ET,1,68.03,2,0,0,47.2075,86,0,0,0,2.93282,10.103
1,5,4,O-SW,1,128.59,2,0,0,65.0949,161,0,0,0,3.32988,5.89357
1,5,4,O-BW,1,235.78,6,0,0,123.345,295,11,0,0,3.88876,7.16476
1,5,4,ET+SW,1,232.23,3,0,0,112.057,291,0,0,0,3.8251,18.1603
1,5,4,ET+BW,1,129.03,3,0,0,69.3724,162,4,0,0,4.70935,10.6957
1,5,4,SW+BW,0,600,11,0,0,269.6,750,37,0,0,4.78588,19.7207
1,5,4,SH,1,367.35,8,0,0,156.637,460,21,0,0,5.18059,28.1819
1,5,5,NONE,1,63.82,7,0,0,49.955,80,0,0,0,2.19532,2.99226
1,5,5,O-ET,1,65.09,6,0,0,48.4725,82,0,0,0,2.44474,4.55811
1,5,5,O-SW,0,600,13,0,0,274,750,0,0,0,3.31926,21.6986
1,5,5,O-BW,1,187.5,7,0,0,95.8999,235,9,0,0,3.86158,10.7841
1,5,5,ET+SW,1,226.8,3,0,0,108.5,284,0,0,0,3.59505,17.0075
1,5,5,ET+BW,1,309.11,8,0,0,146.477,387,16,0,0,3.86943,6.6581
1,5,5,SW+BW,0,600,9,0,0,256.8,750,35,0,0,4.3565,7.46531
1,5,5,SH,1,429.69,5,0,0,187.69,538,24,0,0,4.68962,9.99016
1,5,6,NONE,1,52.85,3,0,0,41.0125,67,0,0,0,2.19244,5.8324
1,5,6,O-ET,1,53.61,2,0,0,40.8025,68,0,0,0,2.33277,4.48669
1,5,6,O-SW,1,286.21,7,0,0,131.105,358,0,0,0,2.99546,4.6596
1,5,6,O-BW,1,142.27,7,0,0,66.5349,178,8,0,0,3.81408,6.03563
1,5,6,ET+SW,1,306.28,6,0,0,160.17,383,0,0,0,3.34038,6.49611
1,5,6,ET+BW,1,230.15,6,0,0,94.5374,288,11,0,0,4.27289,9.62026
1,5,6,SW+BW,1,449.12,10,0,0,188.48,562,25,0,0,4.54408,9.38588
1,5,6,SH,1,508.81,5,0,0,218.405,637,26,0,0,5.14838,17.3884
1,5,7,NONE,1,58.3,3,0,0,45.175,73,0,0,0,2.25034,3.60493
1,5,7,O-ET,1,60.73,2,0,0,48.965,76,0,0,0,2.35957,3.84599
1,5,7,O-SW,1,312.94,7,0,0,147.035,392,0,0,0,2.88793,4.71429
1,5,7,O-BW,1,194.48,5,0,0,90.6799,244,11,0,0,3.6442,8.79509
1,5,7,ET+SW,1,225.04,3,0,0,95.6399,282,0,0,0,3.3282,8.27213
1,5,7,ET+BW,1,112.12,1,0,0,56.0899,141,7,0,0,4.01544,7.08445
1,5,7,SW+BW,0,600,10,0,0,236,750,43,0,0,4.62017,14.4582
1,5,7,SH,1,395.49,0,0,0.00885362,151.472,495,27,0,0,5.20608,12.9206
1,5,8,NONE,1,35.03,2,0,0,32.115,44,0,0,0,2.26024,3.13278
1,5,8,O-ET,1,35.35,1,0,0,32.2375,45,0,0,0,2.49899,6.19811
1,5,8,O-SW,1,237.48,2,0,0,123.14,297,0,0,0,3.27973,5.73595
1,5,8,O-BW,1,81.53,1,0,0,39.365,102,4,0,0,4.42359,6.47492
1,5,8,ET+SW,1,246.23,3,0,0,134.515,308,0,0,0,3.36076,7.53131
1,5,8,ET+BW,1,108.05,1,0,0,54.8124,136,6,0,0,4.53594,14.8044
1,5,8,SW+BW,1,493.43,14,0,0,215.515,617,31,0,0,5.06628,9.83619
1,5,8,SH,1,574.57,16,0,0,262.642,719,29,0,0,4.7991,8.54039
1,5,9,NONE,1,30.64,0,0,0.325728,26.06,39,0,0,0,1.99474,2.4532
1,5,9,O-ET,1,30.23,0,0,0.169933,26.115,38,0,0,0,2.2886,7.24357
1,5,9,O-SW,1,96.51,1,0,0,55.9274,121,0,0,0,2.89576,4.64937
1,5,9,O-BW,1,129.17,1,0,0,68.9699,162,6,0,0,3.81632,6.73321
1,5,9,ET+SW,1,96.98,2,0,0,47.445,122,0,0,0,3.11306,6.24404
1,5,9,ET+BW,1,90.42,2,0,0,45.42,114,5,0,0,3.79065,5.95258
1,5,9,SW+BW,1,256.28,7,0,0,123.47,321,13,0,0,4.75944,11.728
1,5,9,SH,1,194.58,1,0,0,83.3799,244,13,0,0,4.82608,8.09065
1,5,10,NONE,1,34.29,3,0,0,31.3725,43,0,0,0,2.0174,3.79713
1,5,10,O-ET,1,33.12,2,0,0,31.08,42,0,0,0,2.14344,2.57149
1,5,10,O-SW,1,69.74,2,0,0,37.47,88,0,0,0,3.17153,4.27256
1,5,10,O-BW,1,93.29,1,0,0,39.3225,117,6,0,0,3.80806,8.34633
1,5,10,ET+SW,1,259.21,5,0,0,116.61,325,0,0,0,3.71032,13.1143
1,5,10,ET+BW,1,114.41,2,0,0,50.2099,144,6,0,0,4.75883,11.4772
1,5,10,SW+BW,1,311.27,6,0,0,120.217,390,23,0,0,4.93064,11.6401
1,5,10,SH,1,278.86,3,0,0,116.86,349,16,0,0,5.37681,10.1905
1,5,11,NONE,1,61.1,2,0,0,47.675,77,0,0,0,2.13366,3.45563
1,5,11,O-ET,1,61.48,1,0,0,49.57,77,0,0,0,2.60139,4.08634
1,5,11,O-SW,1,216.15,4,0,0,97.3499,271,0,0,0,3.20198,8.37022
1,5,11,O-BW,1,206.25,7,0,0,91.8499,258,10,0,0,3.84226,8.37464
1,5,11,ET+SW,1,182.58,0,0,0.0461057,86.2449,229,0,0,0,3.43416,6.10876
1,5,11,ET+BW,1,202.03,1,0,0,96.7074,253,10,0,0,4.39794,15.1772
1,5,11,SW+BW,0,600,12,0,0,253.4,750,36,0,0,5.00824,40.24
1,5,11,SH,0,600,3,0,0,256.4,750,44,0,0,5.21084,65.5185
1,5,12,NONE,1,37.51,1,0,0,30.3775,47,0,0,0,2.06931,3.24428
1,5,12,O-ET,1,44.75,2,0,0,30.7625,56,0,0,0,2.37004,4.14299
1,5,12,O-SW,1,414.99,5,0,0,193.147,519,0,0,0,3.6759,54.8332
1,5,12,O-BW,1,88.83,3,0,0,47.4299,112,4,0,0,4.9817,15.7276
1,5,12,ET+SW,1,117.77,4,0,0,63.0424,148,0,0,0,4.12935,7.13069
1,5,12,ET+BW,1,91.44,1,0,0,45.8599,115,4,0,0,4.67018,8.23477
1,5,12,SW+BW,0,600,20,0,0,252.8,750,33,0,0,4.70627,19.3008
1,5,12,SH,1,362.45,4,0,0,159.65,454,20,0,0,5.06999,13.6387
1,5,13,NONE,1,44.22,3,0,0,36.455,56,0,0,0,2.1128,4.51731
1,5,13,O-ET,1,45.77,3,0,0,35.8425,58,0,0,0,2.14466,2.67812
1,5,13,O-SW,1,360.83,3,0,0,139.607,452,0,0,0,2.91834,6.80763
1,5,13,O-BW,1,145.77,8,0,0,72.6424,183,7,0,0,3.87161,6.9329
1,5,13,ET+SW,1,221.78,1,0,0,87.4449,278,0,0,0,3.17794,7.63648
1,5,13,ET+BW,1,164.97,4,0,0,79.4424,207,9,0,0,3.83677,7.68546
1,5,13,SW+BW,1,412.93,3,0,0,168.13,517,28,0,0,4.29858,11.7977
1,5,13,SH,1,544.45,10,0,0,217.025,681,35,0,0,4.59071,9.10071
1,5,14,NONE,1,52.99,1,0,0,39.4475,67,0,0,0,2.11883,3.30057
1,5,14,O-ET,1,54.54,2,0,0,38.435,69,0,0,0,2.25184,2.96642
1,5,14,O-SW,1,176.08,4,0,0,85.8199,221,0,0,0,3.09905,14.0727
1,5,14,O-BW,1,130.52,10,0,0,65.0299,164,7,0,0,4.24773,11.3625
1,5,14,ET+SW,1,207.13,6,0,0,87.5474,259,0,0,0,3.50852,8.02696
1,5,14,ET+BW,1,157.31,9,0,0,70.3274,197,9,0,0,4.25026,8.37578
1,5,14,SW+BW,1,399.15,10,0,0,183.387,499,24,0,0,4.75933,10.7976
1,5,14,SH,1,392.66,5,0,0,158.965,491,23,0,0,4.62594,16.8146
1,5,15,NONE,1,41.23,5,0,0,33.9075,52,0,0,0,2.0529,2.77812
1,5,15,O-ET,1,44.4,3,0,0,37.1,56,0,0,0,2.26242,2.91222
1,5,15,O-SW,1,157.42,10,0,0,74.0649,197,0,0,0,3.38441,8.55585
1,5,15,O-BW,1,78.35,3,0,0,39.7875,98,4,0,0,4.12055,6.21014
1,5,15,ET+SW,1,487.45,19,0,0,188.387,610,0,0,0,3.49635,12.5256
1,5,15,ET+BW,1,181.8,7,0,0,78.2499,228,11,0,0,4.09953,12.2794
1,5,15,SW+BW,1,319.77,8,0,0,131.342,400,21,0,0,4.74121,11.4184
1,5,15,SH,1,441.45,4,0,0,168.087,552,32,0,0,4.80899,11.3138
1,5,16,NONE,1,37.91,4,0,0,33.6775,48,0,0,0,2.84438,4.38465
1,5,16,O-ET,1,39.13,4,0,0,33.765,49,0,0,0,2.4401,3.12541
1,5,16,O-SW,1,229.31,6,0,0,108.055,287,0,0,0,3.10144,11.9278
1,5,16,O-BW,1,113.58,5,0,0,55.1899,142,6,0,0,4.20083,8.035
1,5,16,ET+SW,1,233.04,3,0,0,104.04,292,0,0,0,3.34106,6.62995
1,5,16,ET+BW,1,115.22,2,0,0,53.005,145,6,0,0,4.12871,6.71556
1,5,16,SW+BW,1,302.01,4,0,0,114.902,378,20,0,0,5.22304,18.1387
1,5,16,SH,1,221.74,1,0,0,85.2699,278,17,0,0,4.86988,8.58485
1,5,17,NONE,1,30.1,3,0,0,28.325,38,0,0,0,2.14319,4.13476
1,5,17,O-ET,1,33.28,3,0,0,28.32,42,0,0,0,2.12016,2.98235
1,5,17,O-SW,1,161.03,2,0,0,67.8574,202,0,0,0,3.37773,10.6342
1,5,17,O-BW,1,77.14,1,0,0,37.94,97,5,0,0,3.94038,5.89752
1,5,17,ET+SW,1,150.58,4,0,0,70.0449,189,0,0,0,3.63852,8.36661
1,5,17,ET+BW,1,72.88,2,0,0,37.48,92,4,0,0,4.50176,10.311
1,5,17,SW+BW,1,234.48,2,0,0,95.0199,294,17,0,0,4.81343,10.4095
1,5,17,SH,1,514.91,21,0,0,218.31,644,32,0,0,4.98896,14.9862
1,5,18,NONE,1,74.73,4,0,0,56.8825,94,0,0,0,2.10808,3.11554
1,5,18,O-ET,1,77.13,6,0,0,61.4825,97,0,0,0,2.28035,4.0069
1,5,18,O-SW,1,265.34,3,0,0,134.27,332,0,0,0,2.92447,8.19563
1,5,18,O-BW,1,206.31,9,0,0,92.7099,258,12,0,0,4.00513,8.26609
1,5,18,ET+SW,1,144.31,2,0,0,74.9549,181,0,0,0,3.29759,5.19304
1,5,18,ET+BW,1,209.28,7,0,0,105.32,262,11,0,0,4.3967,14.1766
1,5,18,SW+BW,0,600,5,0,0,265.8,750,35,0,0,4.20391,8.3371
1,5,18,SH,0,600,11,0,0,277,750,33,0,0,5.29869,24.2902
1,5,19,NONE,1,81.4,3,0,0,64.1,102,0,0,0,2.12938,3.26208
1,5,19,O-ET,1,81.13,2,0,0,63.0825,102,0,0,0,2.31003,3.60125
1,5,19,O-SW,1,112.12,1,0,0,67.0899,141,0,0,0,3.51419,22.152
1,5,19,O-BW,1,224.51,10,0,0,120.255,281,11,0,0,3.65521,5.99603
1,5,19,ET+SW,1,163.09,3,0,0,88.9724,204,0,0,0,3.0286,4.21023
1,5,19,ET+BW,1,149.54,2,0,0,73.7849,187,8,0,0,4.7928,28.3172
1,5,19,SW+BW,1,433.01,16,0,0,207.557,542,23,0,0,5.92852,37.2725
1,5,19,SH,1,475,9,0,0,202.95,594,26,0,0,5.96066,17.0496
2,1,0,NONE,1,30.99,1,0,0,28.895,39,0,0,0,3.91661,6.24354
2,1,0,O-ET,1,31.09,0,0,0.144671,28.945,39,0,0,0,5.87555,23.2159
2,1,0,O-SW,1,119.42,9,0,0,91.0549,150,0,0,0,5.40244,14.8702
2,1,0,O-BW,1,115.92,6,0,0,83.3799,145,2,0,0,6.52811,14.5042
2,1,0,ET+SW,1,121.74,1,0,0,74.5399,153,0,0,0,7.3629,15.1995
2,1,0,ET+BW,1,160.97,2,0,0,104.485,202,3,0,0,5.97721,24.3055
2,1,0,SW+BW,1,175.88,5,0,0,117.34,220,3,0,0,6.01707,14.5674
2,1,0,SH,1,61.52,0,0,0.0850148,43.58,77,1,0,0,6.57325,27.9929
2,1,1,NONE,1,27.14,4,0,0,25.77,34,0,0,0,1.6253,1.99612
2,1,1,O-ET,1,30.06,1,0,0,26.115,38,0,0,0,2.04257,3.03402
2,1,1,O-SW,1,62.84,3,0,0,48.71,79,0,0,0,3.54782,5.4103
2,1,1,O-BW,1,61.8,2,0,0,49.05,78,0,0,0,4.76701,7.00844
2,1,1,ET+SW,1,61.5,0,0,0.213229,46.375,77,0,0,0,4.00625,7.24599
2,1,1,ET+BW,1,62.49,0,0,0.0499604,45.8225,79,0,0,0,5.2082,9.3511
2,1,1,SW+BW,1,62.15,2,0,0,48.1375,78,0,0,0,6.68043,12.5828
2,1,1,SH,1,62.49,0,0,0.0499604,45.8225,79,0,0,0,7.0281,9.53151
2,1,2,NONE,1,27.36,3,0,0,26.04,35,0,0,0,1.67441,2.62898
2,1,2,O-ET,1,30.48,1,0,0,26.28,39,0,0,0,2.47635,3.79083
2,1,2,O-SW,1,109.7,9,0,0,77.6249,138,0,0,0,3.85581,5.84377
2,1,2,O-BW,1,44.4,0,0,0.0216506,33.8,56,0,0,0,5.11166,9.1707
2,1,2,ET+SW,1,57.06,0,0,0.108784,40.33,72,0,0,0,4.15541,5.30511
2,1,2,ET+BW,1,44.81,1,0,0,35.2025,57,0,0,0,5.84318,13.9384
2,1,2,SW+BW,1,44.4,0,0,0.0216506,33.8,56,0,0,0,8.06719,13.0362
2,1,2,SH,1,47.67,1,0,0,36.3175,60,0,0,0,8.48508,15.8573
2,1,3,NONE,1,31.5,1,0,0,29.075,40,0,0,0,2.7497,3.27221
2,1,3,O-ET,1,32.83,0,0,0.219067,29.0075,42,0,0,0,2.00228,2.43094
2,1,3,O-SW,1,134.83,2,0,0,86.7074,169,0,0,0,3.34648,9.6266
2,1,3,O-BW,1,85.36,3,0,0,70.3399,107,0,0,0,4.61172,6.3715
2,1,3,ET+SW,1,136.08,1,0,0,83.0199,171,0,0,0,3.302,5.37706
2,1,3,ET+BW,1,76.82,0,0,0.168624,55.405,97,1,0,0,4.9059,12.0161
2,1,3,SW+BW,1,85.36,3,0,0,70.3399,107,0,0,0,6.58362,18.6895
2,1,3,SH,1,135.65,1,0,0,86.5124,170,4,0,0,5.46112,12.5361
2,1,4,NONE,1,26.96,2,0,0,25.34,34,0,0,0,2.07468,2.52279
2,1,4,O-ET,1,27.36,0,0,0.0505873,25.44,35,0,0,0,2.47128,2.78777
2,1,4,O-SW,1,214.52,9,0,0,158.03,269,0,0,0,3.90618,6.44848
2,1,4,O-BW,1,101.33,2,0,0,79.1974,127,0,0,0,5.63895,7.23922
2,1,4,ET+SW,1,215.53,3,0,0,165.682,270,0,0,0,4.56073,10.171
2,1,4,ET+BW,1,97.85,0,0,0.0466195,79.4624,123,0,0,0,6.10064,8.10261
2,1,4,SW+BW,1,100.89,2,0,0,79.4449,127,0,0,0,7.67151,11.4983
2,1,4,SH,1,97.85,0,0,0.0466195,79.4624,123,0,0,0,8.2721,13.8885
2,1,5,NONE,1,28.6,3,0,0,27.15,36,0,0,0,2.05666,3.09541
2,1,5,O-ET,1,30.03,1,0,0,27.7075,38,0,0,0,2.27834,3.40146
2,1,5,O-SW,1,52.6,3,0,0,44.55,66,0,0,0,2.9513,3.98141
2,1,5,O-BW,1,53.2,2,0,0,43.5,67,0,0,0,4.01697,4.99866
2,1,5,ET+SW,1,70.36,2,0,0,49.98,88,0,0,0,4.55296,8.50968
2,1,5,ET+BW,1,61.26,1,0,0,44.43,77,0,0,0,4.78489,9.01663
2,1,5,SW+BW,1,54.1,2,0,0,43.725,68,0,0,0,5.76327,9.75054
2,1,5,SH,1,70.12,1,0,0,45.33,88,2,0,0,5.80893,10.0114
2,1,6,NONE,1,28.66,0,0,0.0844009,27.13,36,0,0,0,2.55489,3.57085
2,1,6,O-ET,1,30.26,0,0,0.113664,27.165,38,0,0,0,1.90465,2.31993
2,1,6,O-SW,1,108.33,5,0,0,87.4474,136,0,0,0,3.35993,5.23859
2,1,6,O-BW,1,92.73,7,0,0,66.7824,116,0,0,0,4.14841,7.19412
2,1,6,ET+SW,1,94.62,2,0,0,64.1099,119,0,0,0,3.94172,7.04688
2,1,6,ET+BW,1,127.95,3,0,0,76.3874,160,4,0,0,4.72557,13.2671
2,1,6,SW+BW,1,126.39,8,0,0,85.7974,158,2,0,0,5.98917,11.3167
2,1,6,SH,1,91.9,1,0,0,55.15,115,4,0,0,5.95219,13.5778
2,1,7,NONE,1,31.96,1,0,0,28.39,40,0,0,0,1.82278,2.83686
2,1,7,O-ET,1,30.21,0,0,0.172265,28.3525,38,0,0,0,2.17081,3.3998
2,1,7,O-SW,1,146.58,6,0,0,83.1799,184,0,0,0,4.04236,10.8555
2,1,7,O-BW,1,137.01,5,0,0,84.6524,172,3,0,0,4.6714,7.6874
2,1,7,ET+SW,1,143.65,1,0,0,88.5374,180,0,0,0,3.77395,6.43099
2,1,7,ET+BW,1,136.69,2,0,0,89.1724,171,3,0,0,5.06841,31.5199
2,1,7,SW+BW,1,159.14,4,0,0,90.3699,199,5,0,0,7.37011,12.5274
2,1,7,SH,1,71.6,1,0,0,52.4,90,1,0,0,7.16347,12.7393
2,1,8,NONE,1,27.54,3,0,0,25.885,35,0,0,0,1.67271,2.21158
2,1,8,O-ET,1,32.02,0,0,0.025968,27.005,41,0,0,0,2.31351,6.12628
2,1,8,O-SW,1,79.77,4,0,0,58.7425,100,0,0,0,3.82607,7.49123
2,1,8,O-BW,1,52.21,3,0,0,43.0525,66,0,0,0,5.34683,10.9887
2,1,8,ET+SW,1,95.54,0,0,0.088555,64.6849,120,0,0,0,5.04078,15.6264
2,1,8,ET+BW,1,54.44,0,0,0.0310875,42.01,69,0,0,0,6.11331,16.553
2,1,8,SW+BW,1,52.21,3,0,0,43.0525,66,0,0,0,7.21618,9.38542
2,1,8,SH,1,54.44,0,0,0.0310875,42.01,69,0,0,0,7.36738,10.9438
2,1,9,NONE,1,29.46,1,0,0,27.165,37,0,0,0,2.15674,3.4022
2,1,9,O-ET,1,28.95,0,0,0.0881164,27.2375,37,0,0,0,2.64383,3.61577
2,1,9,O-SW,1,79.28,5,0,0,63.0199,100,0,0,0,3.99057,21.9008
2,1,9,O-BW,1,65.18,0,0,0.154189,48.095,82,0,0,0,5.93931,14.5287
2,1,9,ET+SW,1,65.57,0,0,0.165639,45.7925,82,0,0,0,5.09509,7.62255
2,1,9,ET+BW,1,50.55,0,0,0.158051,33.55,64,2,0,0,5.55618,7.15645
2,1,9,SW+BW,1,65.18,0,0,0.154189,48.095,82,0,0,0,9.26322,14.0969
2,1,9,SH,1,64.48,0,0,0.158051,37.92,81,3,0,0,7.91398,10.9401
2,1,10,NONE,1,28.31,0,0,0.216524,26.8775,36,0,0,0,2.02615,3.05575
2,1,10,O-ET,1,29.38,0,0,0.0809716,26.945,37,0,0,0,3.16762,3.9698
2,1,10,O-SW,1,54.89,0,0,0.280784,41.3225,69,0,0,0,3.5996,5.54672
2,1,10,O-BW,1,80.48,2,0,0,58.5599,101,1,0,0,5.65514,9.82805
2,1,10,ET+SW,1,54.3,0,0,0.191124,41.375,68,0,0,0,5.0811,8.49822
2,1,10,ET+BW,1,53.6,0,0,0.157075,42,67,0,0,0,5.58577,9.07489
2,1,10,SW+BW,1,109.07,3,0,0,77.6674,137,1,0,0,7.30792,15.0903
2,1,10,SH,1,53.6,0,0,0.157075,42,67,0,0,0,7.65044,12.9933
2,1,11,NONE,1,31.23,1,0,0,29.8075,40,0,0,0,2.53727,10.1358
2,1,11,O-ET,1,33.69,1,0,0,30.0225,43,0,0,0,2.71563,4.72413
2,1,11,O-SW,1,70.01,1,0,0,52.3025,88,0,0,0,3.59452,6.3402
2,1,11,O-BW,1,71.85,0,0,0.0371998,51.525,90,1,0,0,4.93372,9.42972
2,1,11,ET+SW,1,53.97,0,0,0.0965854,45.6775,68,0,0,0,4.14597,6.21102
2,1,11,ET+BW,1,70.32,0,0,0.140893,49.78,88,2,0,0,4.71647,6.81923
2,1,11,SW+BW,1,71.85,0,0,0.0371998,51.525,90,1,0,0,6.13064,14.5938
2,1,11,SH,1,71.22,0,0,0.0462554,51.205,90,2,0,0,6.26042,9.7931
2,1,12,NONE,1,30.65,0,0,0.530196,27.8625,39,0,0,0,2.14699,3.20036
2,1,12,O-ET,1,30.65,0,0,0.530196,27.8625,39,0,0,0,2.33157,4.36031
2,1,12,O-SW,1,73.63,3,0,0,46.2075,93,0,0,0,3.65659,6.79711
2,1,12,O-BW,1,74,3,0,0,59.1,93,1,0,0,4.82376,7.27839
2,1,12,ET+SW,1,49.47,0,0,0.305815,31.735,62,0,0,0,4.16816,6.16363
2,1,12,ET+BW,1,56.83,0,0,0.126653,33.4075,72,1,0,0,5.14658,7.04854
2,1,12,SW+BW,1,49.03,1,0,0,32.7725,62,1,0,0,6.35242,8.73845
2,1,12,SH,1,56.69,0,0,0.118084,32.945,71,2,0,0,6.45594,8.83292
2,1,13,NONE,1,31.13,2,0,0,29.165,39,0,0,0,1.6048,2.01059
2,1,13,O-ET,1,29.85,0,0,0.0980576,28.85,38,0,0,0,1.89531,2.3408
2,1,13,O-SW,1,132.34,5,0,0,100.485,166,0,0,0,4.04683,6.67786
2,1,13,O-BW,1,113.63,3,0,0,87.0299,143,1,0,0,4.56604,5.92518
2,1,13,ET+SW,1,112.48,2,0,0,79.5199,141,0,0,0,3.9616,6.34592
2,1,13,ET+BW,1,113.47,0,0,0.175522,80.9024,142,1,0,0,5.10904,7.18544
2,1,13,SW+BW,1,111.87,3,0,0,78.7674,140,1,0,0,6.64353,13.1663
2,1,13,SH,1,113.47,0,0,0.175522,80.9024,142,1,0,0,6.5737,8.98963
2,1,14,NONE,1,30.12,1,0,0,27.93,38,0,0,0,1.76088,3.01579
2,1,14,O-ET,1,31.58,1,0,0,28.095,40,0,0,0,2.05251,2.98646
2,1,14,O-SW,1,94.3,2,0,0,62.5499,118,0,0,0,3.49508,5.14144
2,1,14,O-BW,1,94.53,4,0,0,64.2324,119,1,0,0,4.95612,8.84765
2,1,14,ET+SW,1,66.45,0,0,0.262167,49.025,84,0,0,0,4.70805,7.3152
2,1,14,ET+BW,1,98.14,0,0,0.0932656,63.7349,123,3,0,0,5.0785,8.65472
2,1,14,SW+BW,1,94.66,2,0,0,63.0649,119,1,0,0,6.0484,8.50416
2,1,14,SH,1,94.54,0,0,0.0932656,57.035,119,3,0,0,6.22733,9.43165
2,1,15,NONE,1,28.14,1,0,0,26.635,36,0,0,0,1.96833,2.66103
2,1,15,O-ET,1,28.76,0,0,0.21376,26.79,36,0,0,0,2.36025,3.37839
2,1,15,O-SW,1,76.44,2,0,0,47.42,96,0,0,0,3.62013,5.90388
2,1,15,O-BW,1,60.9,1,0,0,41.825,77,1,0,0,4.80267,8.40348
2,1,15,ET+SW,1,210.48,1,0,0,123.42,264,0,0,0,3.65287,8.27622
2,1,15,ET+BW,1,85.08,0,0,0.123617,55.07,107,2,0,0,4.41334,6.58458
2,1,15,SW+BW,1,83.97,2,0,0,50.7925,105,2,0,0,5.52734,8.59949
2,1,15,SH,1,143.8,0,0,0.0745672,77.6999,180,7,0,0,6.65144,14.9858
2,1,16,NONE,1,30.35,2,0,0,28.575,38,0,0,0,2.09415,2.58565
2,1,16,O-ET,1,30.93,0,0,0.0775867,28.93,39,0,0,0,2.47789,5.68155
2,1,16,O-SW,1,43.62,2,0,0,35.305,55,0,0,0,3.15957,3.88962
2,1,16,O-BW,1,203.98,13,0,0,144.395,255,1,0,0,5.27435,10.4967
2,1,16,ET+SW,1,44.53,0,0,0.102289,33.465,56,0,0,0,3.56012,12.1946
2,1,16,ET+BW,1,69.97,0,0,0.114901,51.6924,88,0,0,0,5.31849,8.77264
2,1,16,SW+BW,1,113.64,6,0,0,90.2099,143,0,0,0,7.16892,15.551
2,1,16,SH,1,69.97,0,0,0.114901,51.6924,88,0,0,0,6.42448,9.12561
2,1,17,NONE,1,29.45,3,0,0,27.3625,37,0,0,0,2.08122,2.84167
2,1,17,O-ET,1,30.3,2,0,0,27.575,38,0,0,0,2.42442,3.18228
2,1,17,O-SW,1,54.41,5,0,0,43.2025,69,0,0,0,3.6506,5.26948
2,1,17,O-BW,1,57.43,4,0,0,45.315,72,0,0,0,5.1716,6.79147
2,1,17,ET+SW,1,169.3,0,0,0.00616422,101.725,212,0,0,0,3.9768,7.65714
2,1,17,ET+BW,1,58.57,1,0,0,44.4425,74,1,0,0,5.11821,6.77577
2,1,17,SW+BW,1,57.43,4,0,0,45.315,72,0,0,0,6.65735,10.6347
2,1,17,SH,1,169.74,0,0,0.00616422,98.2349,213,7,0,0,5.95777,10.5392
2,1,18,NONE,1,28.9,2,0,0,26.825,37,0,0,0,1.72732,3.2288
2,1,18,O-ET,1,30.1,1,0,0,26.925,38,0,0,0,2.08045,4.33974
2,1,18,O-SW,1,53.78,1,0,0,41.045,68,0,0,0,4.72239,7.05628
2,1,18,O-BW,1,83.04,1,0,0,59.5599,104,2,0,0,4.76274,16.7866
2,1,18,ET+SW,1,114.47,0,0,0.065745,63.8174,144,0,0,0,3.88489,6.0305
2,1,18,ET+BW,1,71.91,0,0,0.11038,41.355,90,4,0,0,4.46353,7.21323
2,1,18,SW+BW,1,114.21,2,0,0,61.9524,143,3,0,0,5.66244,13.6316
2,1,18,SH,1,84.87,1,0,0,60.0174,107,2,0,0,6.53559,14.742
2,1,19,NONE,1,28.92,1,0,0,27.43,37,0,0,0,2.32708,3.92658
2,1,19,O-ET,1,30.24,1,0,0,28.12,38,0,0,0,2.3954,3.91777
2,1,19,O-SW,1,148.31,7,0,0,107.477,186,0,0,0,4.22383,8.08413
2,1,19,O-BW,1,145.62,7,0,0,89.8049,183,4,0,0,4.96218,19.2968
2,1,19,ET+SW,1,87.7,0,0,0.00330755,64.4499,110,0,0,0,4.17434,6.43098
2,1,19,ET+BW,1,87.68,2,0,0,69.4399,110,0,0,0,6.91668,9.9431
2,1,19,SW+BW,1,80.56,5,0,0,56.7399,101,2,0,0,6.97937,24.9872
2,1,19,SH,1,87.68,2,0,0,69.4399,110,0,0,0,8.08608,21.1191
2,2,0,NONE,1,30.57,3,0,0,29.0425,39,0,0,0,2.06479,2.94026
2,2,0,O-ET,1,53.88,2,0,0,43.67,68,0,0,0,2.51552,8.36481
2,2,0,O-SW,1,110.34,7,0,0,67.5699,138,0,0,0,3.53761,6.18203
2,2,0,O-BW,1,102.64,6,0,0,57.66,129,4,0,0,4.45987,11.0366
2,2,0,ET+SW,1,106.81,0,0,0.0163241,60.3024,134,0,0,0,4.23678,24.1342
2,2,0,ET+BW,1,128.37,3,0,0,67.1699,161,6,0,0,4.76582,8.18317
2,2,0,SW+BW,1,106.4,6,0,0,55.9999,133,5,0,0,5.91281,9.38275
2,2,0,SH,1,195.31,3,0,0,86.8274,245,10,0,0,5.76647,24.1171
2,2,1,NONE,1,27.91,2,0,0,25.955,35,0,0,0,2.36786,3.71345
2,2,1,O-ET,1,28.29,0,0,0.175471,26.0725,36,0,0,0,2.46397,3.5301
2,2,1,O-SW,1,64.02,2,0,0,35.605,81,0,0,0,3.49569,5.47494
2,2,1,O-BW,1,92.6,1,0,0,40.1,116,6,0,0,4.12304,6.38758
2,2,1,ET+SW,1,72.23,1,0,0,47.0575,91,0,0,1,3.37483,9.31119
2,2,1,ET+BW,1,90.91,1,0,0,41.055,114,6,0,0,4.56945,8.18976
2,2,1,SW+BW,0,600,25,0,0,290.2,750,31,0,0,5.75603,19.4085
2,2,1,SH,1,194.54,0,0,0.146272,81.8349,244,13,0,0,5.86927,21.1158
2,2,2,NONE,1,26.53,1,0,0,25.2325,34,0,0,0,2.06818,3.23478
2,2,2,O-ET,1,31.69,3,0,0,25.5225,40,0,0,0,2.45823,4.23581
2,2,2,O-SW,1,95.33,2,0,0,52.0324,120,0,0,0,3.6025,5.5322
2,2,2,O-BW,1,100.21,5,0,0,49.5574,126,5,0,0,4.9852,11.657
2,2,2,ET+SW,1,87.49,1,0,0,45.2724,110,0,0,0,3.92683,6.04291
2,2,2,ET+BW,1,153.93,2,0,0,72.8474,193,8,0,0,5.19459,9.42677
2,2,2,SW+BW,1,281.96,9,0,0,128.29,353,16,0,0,6.24788,19.9557
2,2,2,SH,1,211.88,1,0,0,88.2799,265,14,0,0,5.39706,17.807
2,2,3,NONE,1,29.74,2,0,0,27.435,38,0,0,0,2.40544,2.89344
2,2,3,O-ET,1,31.84,0,0,0.0996131,27.76,40,0,0,0,2.50959,2.79195
2,2,3,O-SW,1,69.93,3,0,0,52.3649,88,0,0,0,3.37475,5.33744
2,2,3,O-BW,1,102.59,6,0,0,47.1425,129,6,0,0,5.35565,25.2292
2,2,3,ET+SW,1,72.56,1,0,0,47.7399,91,0,0,0,4.51713,16.6168
2,2,3,ET+BW,1,116.82,1,0,0,50.205,147,8,0,0,4.99088,10.648
2,2,3,SW+BW,1,264.35,13,0,0,92.5499,331,21,0,0,5.68435,14.6414
2,2,3,SH,1,275.55,3,0,0,118.15,345,15,0,0,7.21359,32.9806
2,2,4,NONE,1,33.85,2,0,0,30.6625,43,0,0,0,2.88693,13.5127
2,2,4,O-ET,1,33.94,0,0,0.0880206,30.885,43,0,0,0,2.32564,2.87294
2,2,4,O-SW,1,110.73,4,0,0,52.8825,139,0,0,0,3.30383,4.91625
2,2,4,O-BW,1,147.12,9,0,0,74.1599,184,9,0,0,5.21398,29.1551
2,2,4,ET+SW,1,122.41,2,0,0,65.2049,154,0,0,0,3.4318,5.32102
2,2,4,ET+BW,1,132.16,3,0,0,53.2399,166,10,0,0,6.18851,30.7863
2,2,4,SW+BW,1,287.48,10,0,0,125.94,360,16,0,0,4.93891,16.4389
2,2,4,SH,1,188.84,3,0,0,83.4099,237,11,0,0,5.66305,14.9184
2,2,5,NONE,1,33.17,1,0,0,31.2925,42,0,0,0,2.14583,3.43082
2,2,5,O-ET,1,33.17,1,0,0,31.2925,42,0,0,0,2.29874,6.87944
2,2,5,O-SW,1,85.74,1,0,0,42.54,108,0,0,0,2.99425,4.38533
2,2,5,O-BW,1,159.85,1,0,0,54.6499,200,13,0,0,3.57461,6.81544
2,2,5,ET+SW,1,104.57,1,0,0,61.8849,131,0,0,0,3.46774,5.13771
2,2,5,ET+BW,1,162.1,0,0,0.133216,65.4999,203,12,0,0,3.8785,8.29881
2,2,5,SW+BW,1,316.24,15,0,0,135.78,396,22,0,0,4.96388,9.12929
2,2,5,SH,1,187.67,0,0,0.452289,67.6699,235,14,0,0,4.76019,11.6376
2,2,6,NONE,1,29.88,2,0,0,28.27,38,0,0,0,2.34327,2.72486
2,2,6,O-ET,1,36.76,5,0,0,30.38,46,0,0,0,2.63866,3.12611
2,2,6,O-SW,1,83.95,3,0,0,44.975,105,0,0,0,4.11197,6.82188
2,2,6,O-BW,1,101.72,4,0,0,45.69,128,6,0,0,4.19485,9.40691
2,2,6,ET+SW,1,36.01,1,0,0,31.6025,46,0,0,0,4.91669,7.91346
2,2,6,ET+BW,1,129.01,6,0,0,61.9049,162,6,0,0,4.57641,6.95777
2,2,6,SW+BW,1,148.85,4,0,0,62.8374,187,9,0,0,4.89841,7.63282
2,2,6,SH,1,149.09,0,0,0.0734715,59.6724,187,10,0,0,5.1572,16.5417
2,2,7,NONE,1,32.26,2,0,0,30.665,41,0,0,0,1.97452,2.31566
2,2,7,O-ET,1,32.61,1,0,0,30.705,41,0,0,0,2.19448,2.6226
2,2,7,O-SW,1,95.73,4,0,0,56.7324,120,0,0,0,3.42285,6.23016
2,2,7,O-BW,1,106.39,5,0,0,45.5974,133,7,0,0,3.98278,8.95099
2,2,7,ET+SW,1,137.92,7,0,0,75.4399,173,0,0,0,3.36664,18.632
2,2,7,ET+BW,1,134.2,4,0,0,61.4999,168,7,0,0,4.725,9.70843
2,2,7,SW+BW,1,445.71,15,0,0,189.427,558,29,0,0,5.34683,11.6842
2,2,7,SH,1,155.45,1,0,0,60.8624,195,11,0,0,4.93941,9.65155
2,2,8,NONE,1,30.5,2,0,0,28.625,39,0,0,0,2.33869,2.60646
2,2,8,O-ET,1,31.37,3,0,0,28.4425,40,0,0,0,2.55862,4.08863
2,2,8,O-SW,1,83.45,0,0,0.144452,52.6624,105,0,0,0,3.48321,5.16496
2,2,8,O-BW,1,130.37,4,0,0,57.7774,163,7,0,0,4.82646,10.1467
2,2,8,ET+SW,1,91.05,0,0,0.0875827,59.5624,114,0,0,0,3.75648,7.56822
2,2,8,ET+BW,1,96.56,2,0,0,43.14,121,5,0,0,5.22115,11.0121
2,2,8,SW+BW,1,119.49,7,0,0,54.4724,150,7,0,0,5.67105,10.8997
2,2,8,SH,1,448.72,12,0,0,201.96,561,27,0,0,6.02876,20.5896
2,2,9,NONE,1,28.93,3,0,0,26.4325,37,0,0,0,2.32957,2.69555
2,2,9,O-ET,1,28.77,1,0,0,26.57,36,0,0,0,2.58779,3.0086
2,2,9,O-SW,1,135.94,2,0,0,85.1849,170,0,0,0,3.85794,6.82202
2,2,9,O-BW,1,138.75,12,0,0,67.4874,174,6,0,0,4.88415,8.94185
2,2,9,ET+SW,1,106.01,1,0,0,62.1024,133,0,0,0,4.50222,7.17128
2,2,9,ET+BW,1,138.44,2,0,0,62.4399,174,8,0,0,5.38877,18.4217
2,2,9,SW+BW,1,238.37,8,0,0,101.77,298,15,0,0,5.73889,17.1305
2,2,9,SH,1,133.56,1,0,0,59.3599,167,5,0,0,6.80474,13.3584
2,2,10,NONE,1,28.8,1,0,0,27,36,0,0,0,2.33414,2.95718
2,2,10,O-ET,1,28.84,2,0,0,27.01,37,0,0,0,3.14708,5.77577
2,2,10,O-SW,1,101.21,2,0,0,56.5025,127,0,0,0,3.34827,6.39225
2,2,10,O-BW,1,211.26,10,0,0,102.86,265,9,0,0,4.43184,15.0043
2,2,10,ET+SW,1,101.14,3,0,0,54.0849,127,0,0,0,4.64207,23.4168
2,2,10,ET+BW,1,188.48,5,0,0,102.64,236,7,0,0,5.11352,13.8951
2,2,10,SW+BW,1,171.33,2,0,0,75.4974,215,9,0,0,5.85624,15.119
2,2,10,SH,1,252.58,6,0,0,113.29,316,14,0,0,6.07368,23.9625
2,2,11,NONE,1,31.2,4,0,0,28.4,39,0,0,0,2.59233,3.67786
2,2,11,O-ET,1,31.29,2,0,0,28.49,40,0,0,0,2.70074,4.13992
2,2,11,O-SW,1,63.84,4,1,0,44.86,80,0,0,2,5.48561,20.4789
2,2,11,O-BW,1,117.22,4,0,0,63.0199,147,4,0,0,5.76221,17.7235
2,2,11,ET+SW,1,64.7,1,0,0,41.775,81,0,0,0,7.52738,18.4956
2,2,11,ET+BW,1,86.2,1,0,0,42.5999,108,5,0,0,6.29716,18.4724
2,2,11,SW+BW,1,286.03,21,0,0,128.707,358,15,0,0,8.0031,41.2895
2,2,11,SH,1,121.51,2,0,0,47.5549,152,7,0,0,5.85498,16.6208
2,2,12,NONE,1,35.36,2,0,0,32.64,45,0,0,0,1.91619,2.24458
2,2,12,O-ET,1,36.65,1,0,0,33.525,46,0,0,0,3.87947,6.63062
2,2,12,O-SW,1,74.67,1,0,0,51.4675,94,0,0,0,5.31624,13.4012
2,2,12,O-BW,1,118.06,5,0,0,55.7149,148,6,0,0,4.50933,12.0023
2,2,12,ET+SW,1,49.81,0,0,0.0717934,37.105,63,0,0,0,7.38221,13.7142
2,2,12,ET+BW,1,125.73,5,0,0,50.4975,158,8,0,0,5.67387,15.0799
2,2,12,SW+BW,1,153.88,9,0,0,75.6699,193,8,0,0,6.52435,23.1294
2,2,12,SH,1,154.4,1,0,0,58.2,193,10,0,0,8.06946,18.0115
2,2,13,NONE,1,33.7,3,0,0,30.625,43,0,0,0,2.50692,10.5135
2,2,13,O-ET,1,40.39,2,0,0,33.0975,51,0,0,0,2.58161,6.49503
2,2,13,O-SW,1,86.34,1,0,0,48.785,108,0,0,0,7.11395,16.7451
2,2,13,O-BW,1,87.84,4,0,0,40.96,110,5,0,0,4.4371,8.40713
2,2,13,ET+SW,1,141.81,3,0,0,81.6524,178,0,0,0,3.36203,5.39123
2,2,13,ET+BW,1,141.15,3,0,0,58.6874,177,9,0,0,5.42338,22.3006
2,2,13,SW+BW,1,309.39,5,0,0,133.947,387,22,0,0,5.36421,40.2679
2,2,13,SH,1,233.32,2,0,0,100.66,292,17,0,0,6.97506,35.8213
2,2,14,NONE,1,34.58,4,0,0,30.645,44,0,0,0,2.02045,2.57523
2,2,14,O-ET,1,34.14,1,0,0,30.535,43,0,0,0,2.2305,3.24159
2,2,14,O-SW,1,49.76,1,0,0,39.44,63,0,0,0,4.61661,12.4922
2,2,14,O-BW,1,129.66,9,0,0,64.0599,163,6,0,0,5.98343,34.6733
2,2,14,ET+SW,1,59.73,0,0,0.366326,39.7325,75,0,0,0,5.10952,11.8288
2,2,14,ET+BW,1,155.26,2,0,0,81.2149,195,4,0,0,5.44034,35.3323
2,2,14,SW+BW,1,223.54,9,0,0,89.8849,280,15,0,0,5.12182,12.012
2,2,14,SH,1,173.11,0,0,0.089703,61.6774,217,14,0,0,5.31585,10.815
2,2,15,NONE,1,32.1,2,0,0,30.425,41,0,0,0,2.43365,3.79857
2,2,15,O-ET,1,33.46,1,0,0,31.165,42,0,0,0,2.64791,3.31542
2,2,15,O-SW,1,57.01,1,0,0,32.6525,72,0,0,0,3.48047,4.90576
2,2,15,O-BW,1,198.89,8,0,0,86.6899,249,9,0,0,4.4385,11.2709
2,2,15,ET+SW,1,61.1,0,0,0.120424,35.875,77,0,0,0,3.65338,5.55663
2,2,15,ET+BW,1,158.56,1,0,0,71.0399,199,8,0,0,4.68066,12.224
2,2,15,SW+BW,1,174.45,4,0,0,80.4124,219,9,0,0,5.78259,12.1919
2,2,15,SH,1,180.71,2,0,0,83.5774,226,10,0,0,6.11778,28.1875
2,2,16,NONE,1,28.17,4,0,0,26.0425,36,0,0,0,2.39101,2.86543
2,2,16,O-ET,1,30.32,2,0,0,26.58,38,0,0,0,2.52239,3.05944
2,2,16,O-SW,1,85.42,7,0,0,63.1549,107,0,0,0,3.62189,5.91852
2,2,16,O-BW,1,157.53,9,0,0,72.7824,197,7,0,0,3.94894,6.57893
2,2,16,ET+SW,1,231.51,3,0,0,106.677,290,0,0,0,3.86994,9.81228
2,2,16,ET+BW,1,82.64,3,0,0,48.86,104,3,0,0,5.31543,19.4792
2,2,16,SW+BW,1,315.62,14,0,0,142.705,395,18,0,0,5.18312,13.048
2,2,16,SH,1,232.92,2,0,0,97.4299,292,13,0,0,5.72992,10.2818
2,2,17,NONE,1,40.99,3,0,0,37.4475,52,0,0,0,1.96847,2.32342
2,2,17,O-ET,1,36.32,0,0,0.00482464,33.48,46,0,0,0,2.41841,5.17555
2,2,17,O-SW,1,232.8,7,0,0,138.4,291,0,0,0,3.06469,8.81722
2,2,17,O-BW,1,95.39,4,0,0,47.2475,120,6,0,0,4.14199,8.58295
2,2,17,ET+SW,1,234.47,4,0,0,130.017,294,0,0,0,3.3257,7.96901
2,2,17,ET+BW,1,119.8,5,0,0,63.0999,150,7,0,0,4.98754,10.2564
2,2,17,SW+BW,1,588.95,39,0,0,295.437,737,22,0,0,5.8454,31.4896
2,2,17,SH,1,149.6,5,0,0,69.7999,187,8,0,0,5.44551,26.7328
2,2,18,NONE,1,32.67,1,0,0,27.9675,41,0,0,0,2.3608,2.80493
2,2,18,O-ET,1,33.68,2,0,0,28.22,43,0,0,0,2.83704,7.09232
2,2,18,O-SW,1,95.36,2,0,0,58.2399,120,0,0,0,3.45508,20.1951
2,2,18,O-BW,1,117.7,8,0,0,61.6749,148,6,0,0,4.2186,20.9478
2,2,18,ET+SW,1,117.37,1,0,0,65.7424,147,0,0,0,3.60606,7.35213
2,2,18,ET+BW,1,156.69,3,0,0,58.8899,196,10,0,0,4.35341,6.63055
2,2,18,SW+BW,1,241.22,5,0,0,102.22,302,14,0,0,5.28865,15.1822
2,2,18,SH,1,241.75,1,0,0,106.837,303,13,0,0,5.22162,12.8751
2,2,19,NONE,1,31.21,0,0,0.184723,28.4025,40,0,0,0,2.34022,2.643
2,2,19,O-ET,1,31.34,0,0,0.158662,28.435,40,0,0,0,2.49331,2.76335
2,2,19,O-SW,1,141.93,6,0,0,71.0824,178,0,0,0,2.86526,4.49386
2,2,19,O-BW,1,170.56,11,0,0,74.0399,214,9,0,0,4.66744,10.2204
2,2,19,ET+SW,1,79.76,3,0,0,46.94,100,0,0,0,4.00747,26.0448
2,2,19,ET+BW,1,132.14,3,0,0,60.6349,166,6,0,0,4.9479,7.68315
2,2,19,SW+BW,1,220.4,9,0,0,102.1,276,15,0,0,6.30174,56.3439
2,2,19,SH,1,225.74,2,0,0,91.5399,283,14,0,0,6.60309,22.7685
2,3,0,NONE,1,60.61,1,0,0,55.5525,76,0,0,0,2.0293,2.91308
2,3,0,O-ET,1,59.48,1,0,0,54.27,75,0,0,0,2.66529,10.6606
2,3,0,O-SW,1,165.21,6,0,0,102.502,207,0,0,0,3.3818,15.8118
2,3,0,O-BW,1,289.35,17,0,0,174.337,362,8,0,0,4.06765,8.74421
2,3,0,ET+SW,1,208.48,1,0,0,102.52,261,0,0,0,3.82822,10.448
2,3,0,ET+BW,1,386.76,6,0,0,226.69,484,10,0,2,4.53486,18.6235
2,3,0,SW+BW,1,386.35,19,0,0,205.975,483,17,0,0,5.00437,10.9851
2,3,0,SH,1,387.1,2,0,0,184.175,484,21,0,0,5.44248,12.1166
2,3,1,NONE,1,55.8,5,0,0,50.35,70,0,0,0,2.30113,6.15373
2,3,1,O-ET,1,59.44,2,0,0,51.06,75,0,0,0,3.34788,11.9318
2,3,1,O-SW,1,118.83,6,0,0,71.9224,149,0,0,0,3.65347,12.1522
2,3,1,O-BW,1,206.96,4,0,0,108.56,259,7,0,0,3.99587,16.549
2,3,1,ET+SW,1,119.95,1,0,0,75.7624,150,0,0,0,3.56957,5.21658
2,3,1,ET+BW,1,215.75,5,0,0,117.737,270,8,0,0,4.12797,9.35098
2,3,1,SW+BW,1,215.58,10,0,0,123.695,270,6,0,0,5.49752,15.4284
2,3,1,SH,1,312.97,5,0,0,163.442,392,14,0,0,5.16618,7.95726
2,3,2,NONE,1,56.95,5,0,0,53.6375,72,0,0,0,3.05008,5.50799
2,3,2,O-ET,1,61.57,2,0,0,56.585,77,0,0,0,2.54283,4.70515
2,3,2,O-SW,1,232.58,9,0,0,149.545,291,0,0,0,3.54616,62.3927
2,3,2,O-BW,1,234.29,8,0,0,138.09,293,6,0,0,4.36695,24.9813
2,3,2,ET+SW,1,375.39,7,0,0,199.847,470,0,0,0,3.75547,7.43269
2,3,2,ET+BW,1,288.4,3,0,0,141.8,361,12,0,0,4.05198,7.12146
2,3,2,SW+BW,1,305.93,7,0,0,160.365,383,12,0,0,5.23961,9.13403
2,3,2,SH,1,472.87,7,0,0,249.07,592,20,0,0,5.50348,17.437
2,3,3,NONE,1,61.91,3,0,0,56.4775,78,0,0,0,2.28345,3.65318
2,3,3,O-ET,1,63.5,0,0,0.0849445,57.075,80,0,0,0,2.292,3.08459
2,3,3,O-SW,1,165.79,9,0,0,98.8949,208,0,0,0,3.45877,6.89561
2,3,3,O-BW,1,200.1,7,0,0,116.45,251,7,0,0,3.90554,8.2708
2,3,3,ET+SW,1,98.46,0,0,0.0670093,59.415,124,0,0,0,4.17219,8.04726
2,3,3,ET+BW,1,209.64,4,0,0,104.82,263,10,0,0,3.99089,7.20314
2,3,3,SW+BW,1,373.25,15,0,0,189.112,467,16,0,0,5.07998,17.0154
2,3,3,SH,1,487.32,4,0,0,231.63,610,21,0,0,6.03184,76.5608
2,3,4,NONE,1,64.89,6,0,0,61.8225,82,0,0,0,2.26102,6.61384
2,3,4,O-ET,1,69.1,2,0,0,62.475,87,0,0,0,2.53359,4.2092
2,3,4,O-SW,1,99.11,2,0,0,69.5775,124,0,0,0,3.34072,6.82073
2,3,4,O-BW,1,209.37,7,0,0,127.742,262,6,0,0,4.48999,20.303
2,3,4,ET+SW,1,101.42,1,0,0,74.9099,127,0,0,0,4.08182,9.94144
2,3,4,ET+BW,1,143.1,2,0,0,83.1499,179,4,0,0,5.00457,21.8296
2,3,4,SW+BW,1,164.03,3,0,0,99.2074,206,6,0,0,5.49131,18.3949
2,3,4,SH,1,394.66,4,0,0,221.795,494,11,0,0,5.80579,48.3929
2,3,5,NONE,1,49.59,8,0,0,46.395,62,0,0,0,2.41307,6.20334
2,3,5,O-ET,1,56.83,4,0,0,48.8075,72,0,0,0,2.91417,12.1967
2,3,5,O-SW,1,169.39,3,0,0,84.2949,212,0,0,0,3.78738,11.8017
2,3,5,O-BW,1,240.29,8,0,0,138.672,301,9,0,0,4.20799,26.9708
2,3,5,ET+SW,1,155.29,1,0,0,82.4674,195,0,0,0,3.90608,7.1261
2,3,5,ET+BW,1,132.25,4,0,0,77.5249,166,5,0,0,4.93501,13.9066
2,3,5,SW+BW,0,600,19,0,0,321,750,23,0,0,5.19969,28.7512
2,3,5,SH,1,178.32,2,0,0,90.3399,223,7,0,0,5.69226,10.4358
2,3,6,NONE,1,65.3,4,0,0,58.325,82,0,0,0,2.14515,3.39641
2,3,6,O-ET,1,62.26,0,0,0.0357685,55.165,78,0,0,0,2.90241,4.25739
2,3,6,O-SW,1,143.13,2,0,0,84.3824,179,0,0,0,3.68626,8.13815
2,3,6,O-BW,1,142.55,7,0,0,88.0374,179,3,0,0,4.5867,25.6227
2,3,6,ET+SW,1,143.02,0,0,0.179424,85.9549,179,0,0,0,3.56742,6.16868
2,3,6,ET+BW,1,251.28,8,0,0,130.08,315,9,0,0,4.41061,13.4589
2,3,6,SW+BW,1,323.64,16,0,0,177.11,405,11,0,0,5.22413,15.4097
2,3,6,SH,1,323.58,5,0,0,163.095,405,12,0,0,5.88228,38.8725
2,3,7,NONE,1,58.97,3,0,0,53.5425,74,0,0,0,2.15228,4.22569
2,3,7,O-ET,1,52.86,4,0,0,47.015,67,0,0,0,2.33559,8.56863
2,3,7,O-SW,1,188.44,12,0,0,122.42,236,0,0,0,3.49716,8.16864
2,3,7,O-BW,1,218.37,11,0,0,126.592,273,7,0,0,3.74374,6.48353
2,3,7,ET+SW,1,187.32,3,0,0,103.63,235,0,0,0,3.79628,11.587
2,3,7,ET+BW,1,187.98,6,0,0,95.3899,235,7,0,0,4.09268,7.64063
2,3,7,SW+BW,1,583.82,31,0,0,300.755,730,25,0,0,4.99397,11.0148
2,3,7,SH,1,204.1,3,0,0,108.875,256,8,0,0,5.12147,10.5979
2,3,8,NONE,1,62.94,2,0,0,59.735,79,0,0,0,2.21057,3.19771
2,3,8,O-ET,1,68.33,4,0,0,61.0825,86,0,0,0,2.34581,2.89298
2,3,8,O-SW,1,321.04,9,0,0,192.06,402,0,0,0,3.35334,9.32056
2,3,8,O-BW,1,161.06,11,0,0,90.0649,202,8,0,0,3.78362,12.4625
2,3,8,ET+SW,1,233.67,4,0,0,133.817,293,0,0,0,3.3964,6.061
2,3,8,ET+BW,1,209.45,5,0,0,116.162,262,7,0,0,4.14451,7.30238
2,3,8,SW+BW,0,600,30,0,0,321,750,23,0,0,5.33766,15.7633
2,3,8,SH,0,600,13,0,0,298.2,750,25,0,0,5.36035,13.6701
2,3,9,NONE,1,67.29,3,0,0,59.2225,85,0,0,0,2.1999,9.36265
2,3,9,O-ET,1,68.38,5,0,0,60.495,86,0,0,0,2.28738,3.09197
2,3,9,O-SW,1,211.9,5,0,0,130.975,265,0,0,0,3.63589,12.267
2,3,9,O-BW,1,231.4,13,0,0,141.15,290,7,0,0,4.20206,7.8347
2,3,9,ET+SW,1,297.8,6,0,0,179,373,0,0,0,3.66281,8.40609
2,3,9,ET+BW,1,265.26,10,0,0,147.515,332,9,0,0,4.46966,33.0675
2,3,9,SW+BW,1,288.8,12,0,0,172.2,361,6,0,0,5.35245,13.9203
2,3,9,SH,1,266.45,1,0,0,161.85,334,7,0,0,5.16649,12.6911
2,3,10,NONE,1,63.46,1,0,0,55.265,80,0,0,0,2.03366,3.86626
2,3,10,O-ET,1,63.51,1,0,0,54.6775,80,0,0,0,2.18393,2.95465
2,3,10,O-SW,1,109.9,1,0,0,69.0749,138,0,0,0,3.25536,5.31297
2,3,10,O-BW,1,123.85,5,0,0,85.1624,155,3,0,0,3.82603,5.65562
2,3,10,ET+SW,1,99.67,1,0,0,61.3525,125,0,0,0,3.65549,6.07193
2,3,10,ET+BW,1,179.64,4,0,0,92.9099,225,6,0,0,4.33147,10.6183
2,3,10,SW+BW,1,181.57,10,0,0,97.3924,227,9,0,0,5.37293,17.0847
2,3,10,SH,1,297.38,3,0,0,130.545,372,16,0,0,5.03033,11.2106
2,3,11,NONE,1,65.31,3,0,0,58.5275,82,0,0,0,2.04011,3.69998
2,3,11,O-ET,1,68.82,2,0,0,59.605,87,0,0,0,2.39761,6.98759
2,3,11,O-SW,1,146.48,5,0,0,90.6599,184,0,0,0,3.31812,11.3297
2,3,11,O-BW,1,150.58,3,0,0,83.4449,189,6,0,0,3.78515,10.0577
2,3,11,ET+SW,1,105.5,1,0,0,73.2999,132,0,0,0,3.49693,4.77234
2,3,11,ET+BW,1,217.59,7,0,0,128.397,272,7,0,0,4.54437,15.2448
2,3,11,SW+BW,1,147.6,2,0,0,77.1999,185,8,0,0,4.54269,10.5892
2,3,11,SH,1,216.04,3,0,0,106.21,271,9,0,0,5.61821,13.6216
2,3,12,NONE,1,61.03,0,0,0.106666,54.8575,77,0,0,0,2.1988,4.40595
2,3,12,O-ET,1,66.29,1,0,0,58.5725,83,0,0,0,2.37537,3.41241
2,3,12,O-SW,1,316.87,12,0,0,204.817,397,0,0,0,3.26295,8.05088
2,3,12,O-BW,1,132.57,5,0,0,76.5425,166,4,0,0,4.05398,7.33427
2,3,12,ET+SW,1,275.44,3,0,0,149.86,345,0,0,0,3.66413,16.2472
2,3,12,ET+BW,1,131.05,2,0,0,74.9624,164,5,0,0,4.3857,9.5036
2,3,12,SW+BW,1,369.11,12,0,0,184.755,462,17,0,0,5.14863,8.92405
2,3,12,SH,1,462.52,5,0,0,219.49,579,23,0,0,4.81027,10.2742
2,3,13,NONE,1,62.48,5,0,0,60.02,79,0,0,0,2.13491,8.48601
2,3,13,O-ET,1,66.1,2,0,0,60.925,83,0,0,0,2.27414,4.1379
2,3,13,O-SW,1,240.9,11,0,0,147.25,302,0,0,0,3.33067,8.84736
2,3,13,O-BW,1,217.66,3,0,0,141.03,273,5,0,0,4.15811,10.2563
2,3,13,ET+SW,1,240.83,2,0,0,146.422,302,0,0,0,3.57762,6.1741
2,3,13,ET+BW,1,241.66,3,0,0,143.845,303,6,0,0,4.13246,8.07061
2,3,13,SW+BW,1,455.13,21,0,0,225.982,569,24,0,0,4.63399,8.01675
2,3,13,SH,1,344.89,2,0,0,191.422,432,15,0,0,5.29942,30.0637
2,3,14,NONE,1,56.65,5,0,0,51.925,71,0,0,0,2.27545,5.18953
2,3,14,O-ET,1,59.43,0,0,0.0628488,50.0575,75,0,0,0,2.49669,3.93112
2,3,14,O-SW,1,176.38,6,0,0,103.79,221,0,0,0,3.70459,11.0963
2,3,14,O-BW,1,156.99,5,0,0,84.8474,197,7,0,0,4.39074,45.3042
2,3,14,ET+SW,1,162.21,1,0,0,103.61,203,0,0,0,3.64062,16.4937
2,3,14,ET+BW,1,157.86,1,0,0,90.4649,198,4,0,0,4.3498,10.8757
2,3,14,SW+BW,1,289.09,9,0,0,154.217,362,12,0,0,5.03521,14.8431
2,3,14,SH,1,159.74,3,0,0,96.7349,200,3,0,0,5.50596,9.26073
2,3,15,NONE,1,54.23,3,0,0,49.1575,68,0,0,0,2.22527,3.07522
2,3,15,O-ET,1,54.78,2,0,0,49.895,69,0,0,0,2.45918,3.04741
2,3,15,O-SW,1,127.26,8,0,0,66.4149,160,0,0,0,3.31057,4.55738
2,3,15,O-BW,1,119.16,11,0,0,76.9899,149,3,0,0,3.95081,6.23497
2,3,15,ET+SW,1,167.8,6,0,0,97.1999,210,0,0,0,3.70999,6.7565
2,3,15,ET+BW,1,182.61,6,0,0,107.652,229,4,0,0,4.29647,6.75305
2,3,15,SW+BW,1,183.47,8,0,0,104.067,230,5,0,0,5.22225,11.8581
2,3,15,SH,1,220.7,3,0,0,110.55,276,10,0,0,5.26149,8.20369
2,3,16,NONE,1,66.9,3,0,0,61.925,84,0,0,0,2.15249,6.36961
2,3,16,O-ET,1,68.75,3,0,0,62.3875,86,0,0,0,2.24463,3.49072
2,3,16,O-SW,1,262.52,11,0,0,162.03,329,0,0,0,3.09578,6.30919
2,3,16,O-BW,1,196.11,11,0,0,106.827,246,8,0,0,3.82802,14.6007
2,3,16,ET+SW,1,131.09,2,0,0,73.1724,164,0,0,0,3.24646,4.67166
2,3,16,ET+BW,1,133.04,1,0,0,72.3199,167,7,0,0,4.12976,11.6285
2,3,16,SW+BW,1,523.6,14,0,0,254,655,23,0,0,5.00653,12.2037
2,3,16,SH,1,520.05,1,0,0,251.412,651,26,0,0,5.16298,17.0441
2,3,17,NONE,1,55.61,4,0,0,51.1025,70,0,0,0,2.37466,4.26779
2,3,17,O-ET,1,57.8,3,0,0,52.4,73,0,0,0,2.4654,3.64323
2,3,17,O-SW,1,127.2,2,0,0,88.5999,159,0,0,0,3.55826,4.8455
2,3,17,O-BW,1,133.91,7,0,0,78.6774,168,4,0,0,4.19902,9.2491
2,3,17,ET+SW,1,200.88,4,0,0,122.64,252,0,0,0,3.81719,8.3226
2,3,17,ET+BW,1,184.7,4,0,0,98.9749,231,5,0,0,5.01274,54.5428
2,3,17,SW+BW,1,201.21,9,0,0,113.21,252,7,0,0,5.6764,20.1693
2,3,17,SH,1,466.49,11,0,0,219.622,584,24,0,0,5.00662,11.1207
2,3,18,NONE,1,60.07,4,0,0,54.6175,76,0,0,0,2.11207,3.02943
2,3,18,O-ET,1,62.88,3,0,0,52.92,79,0,0,0,2.42589,3.08314
2,3,18,O-SW,1,152.57,3,0,0,94.5424,191,0,0,0,3.15619,4.76025
2,3,18,O-BW,1,146.29,5,0,0,95.7724,183,5,0,0,3.83199,6.24895
2,3,18,ET+SW,1,204.14,1,0,0,107.835,256,0,0,0,3.38715,5.67566
2,3,18,ET+BW,1,197.8,3,0,0,103.35,248,9,0,0,4.12779,8.18566
2,3,18,SW+BW,1,204.86,10,0,0,113.815,257,7,0,0,5.08493,15.1089
2,3,18,SH,1,204.95,4,0,0,108.437,257,8,0,0,5.06577,9.76984
2,3,19,NONE,1,64.09,6,0,0,55.6225,81,0,0,0,1.93811,2.40384
2,3,19,O-ET,1,67.24,4,0,0,56.61,85,0,0,0,2.10866,2.76358
2,3,19,O-SW,1,105.91,6,0,0,69.3549,133,0,0,0,3.11795,4.94745
2,3,19,O-BW,1,254.73,13,0,0,145.482,319,9,0,0,3.57934,5.40771
2,3,19,ET+SW,1,141.19,5,0,0,78.6974,177,0,0,0,3.42221,7.05808
2,3,19,ET+BW,1,166.47,2,0,0,94.2174,209,7,0,0,3.938,8.3007
2,3,19,SW+BW,1,232.52,10,0,0,129.13,291,11,0,0,4.69693,7.74154
2,3,19,SH,1,191.46,6,0,0,90.0649,240,10,0,0,5.26838,10.1569
2,4,0,NONE,1,38.95,4,0,0,35.7375,49,0,0,0,2.27986,3.02165
2,4,0,O-ET,1,39.76,1,0,0,35.94,50,0,0,0,2.51356,3.00064
2,4,0,O-SW,1,112.64,3,0,0,72.5199,141,0,0,0,3.39632,8.08116
2,4,0,O-BW,1,193.46,7,0,0,101.165,242,9,0,0,3.93384,10.3502
2,4,0,ET+SW,1,116.81,0,0,0.246926,70.4024,147,0,0,0,3.48651,6.50145
2,4,0,ET+BW,1,253.43,5,0,0,133.557,317,11,0,0,4.53434,10.77
2,4,0,SW+BW,1,330.03,18,0,0,166.815,413,16,0,0,5.47403,13.9326
2,4,0,SH,1,283.53,5,0,0,142.73,355,9,0,0,6.18312,15.3657
2,4,1,NONE,1,37.77,3,0,0,33.2425,48,0,0,0,2.23589,2.68438
2,4,1,O-ET,1,38.51,4,0,0,34.0275,49,0,0,0,2.38508,2.88804
2,4,1,O-SW,1,180.55,4,0,0,91.6749,226,0,0,0,3.13324,5.50181
2,4,1,O-BW,1,209.03,8,0,0,109.43,262,7,0,0,4.25778,10.5574
2,4,1,ET+SW,1,180.43,4,0,0,112.215,226,0,0,0,4.12411,9.87438
2,4,1,ET+BW,1,265.1,5,0,0,148.075,332,10,0,0,4.52862,7.93747
2,4,1,SW+BW,0,600,40,0,0,309,750,25,0,0,4.82373,12.6617
2,4,1,SH,1,546.83,8,0,0,280.615,684,24,0,0,5.32749,11.0687
2,4,2,NONE,1,35.41,2,0,0,31.4525,45,0,0,0,2.1666,3.33352
2,4,2,O-ET,1,35.43,2,0,0,31.8575,45,0,0,0,2.22923,2.98031
2,4,2,O-SW,1,241.39,12,0,0,143.947,302,0,0,0,3.27147,11.4628
2,4,2,O-BW,1,231.5,11,0,0,131.475,290,10,0,0,4.16064,7.02203
2,4,2,ET+SW,1,259.15,9,0,0,141.375,324,0,0,0,3.59269,13.4888
2,4,2,ET+BW,1,171.44,3,0,0,82.0599,215,9,0,0,4.3012,8.46579
2,4,2,SW+BW,1,400.97,11,0,0,202.842,502,19,0,0,4.9474,10.1324
2,4,2,SH,1,220.9,3,0,0,127.425,277,10,0,0,5.79754,12.0751
2,4,3,NONE,1,31.86,2,0,0,29.565,40,0,0,0,2.32456,2.69389
2,4,3,O-ET,1,34.72,1,0,0,30.28,44,0,0,0,2.7325,4.47205
2,4,3,O-SW,1,70.05,2,0,0,48.7124,88,0,0,0,3.45343,6.4908
2,4,3,O-BW,1,183.58,13,0,0,107.295,230,6,0,0,4.26056,8.56008
2,4,3,ET+SW,1,70.89,1,0,0,48.9224,89,0,0,0,3.68696,5.8665
2,4,3,ET+BW,1,231.27,6,0,0,120.417,290,11,0,0,4.28922,8.13897
2,4,3,SW+BW,1,546.21,24,0,0,318.952,683,17,0,0,5.22836,11.3794
2,4,3,SH,1,362.37,6,0,0,210.185,453,13,0,0,5.56654,11.3686
2,4,4,NONE,1,36.87,3,0,0,31.6175,47,0,0,0,2.03867,2.56542
2,4,4,O-ET,1,34.27,1,0,0,30.335,43,0,0,0,2.26141,3.04578
2,4,4,O-SW,1,130.51,1,0,0,66.4274,164,0,0,0,2.99179,4.4036
2,4,4,O-BW,1,108.11,2,0,0,53.0824,136,6,0,0,3.8466,6.05464
2,4,4,ET+SW,1,79.61,1,0,0,44.3025,100,0,0,0,3.0415,6.32497
2,4,4,ET+BW,1,107.83,2,0,0,52.1149,135,6,0,0,4.04709,6.87347
2,4,4,SW+BW,1,336.41,14,0,0,159.502,421,18,0,0,5.24909,12.3469
2,4,4,SH,1,258.59,4,0,0,119.695,324,13,0,0,5.21943,11.8173
2,4,5,NONE,1,30.13,2,0,0,27.9325,38,0,0,0,2.67799,3.92307
2,4,5,O-ET,1,30.2,1,0,0,28.1,38,0,0,0,3.3276,4.685
2,4,5,O-SW,1,37.42,1,0,0,30.755,47,0,0,0,3.13117,4.96162
2,4,5,O-BW,1,147.62,6,0,0,84.1049,185,4,0,0,4.26061,8.1353
2,4,5,ET+SW,1,105.12,2,0,0,59.0799,132,0,0,0,3.48418,5.15946
2,4,5,ET+BW,1,127.56,6,0,0,71.8699,160,5,0,0,4.48373,7.96273
2,4,5,SW+BW,1,422.23,21,0,0,212.357,528,18,0,0,5.30049,12.266
2,4,5,SH,1,450.22,8,0,0,214.31,563,22,0,0,5.95813,22.4328
2,4,6,NONE,1,33,3,0,0,30.45,42,0,0,0,2.33432,2.66828
2,4,6,O-ET,1,35.29,0,0,0.0721287,30.0225,45,0,0,0,2.70041,3.76774
2,4,6,O-SW,1,108.09,8,0,0,75.6224,136,0,0,0,3.2762,5.2194
2,4,6,O-BW,1,85.68,8,0,0,46.22,108,4,0,0,4.29044,6.68439
2,4,6,ET+SW,1,107.91,2,0,0,67.1774,135,0,0,0,3.55539,5.0411
2,4,6,ET+BW,1,344.22,4,0,0,190.91,431,11,0,0,4.79711,19.0933
2,4,6,SW+BW,1,441.93,14,0,0,222.682,553,18,0,0,5.81733,14.2507
2,4,6,SH,1,218.06,0,0,0.14871,116.515,273,7,0,0,6.38009,12.2703
2,4,7,NONE,1,35.54,3,0,0,32.085,45,0,0,0,2.38179,3.16145
2,4,7,O-ET,1,45.06,3,0,0,35.265,57,0,0,0,2.61769,3.49461
2,4,7,O-SW,1,130.22,6,0,0,73.5549,163,0,0,0,3.40237,5.49191
2,4,7,O-BW,1,188.11,12,0,0,96.1099,236,8,0,0,4.10286,7.49975
2,4,7,ET+SW,1,76.76,3,0,0,44.79,96,0,0,0,3.64816,5.5111
2,4,7,ET+BW,1,249.54,6,0,0,119.185,312,12,0,0,4.26653,8.69403
2,4,7,SW+BW,1,457.37,18,0,0,220.342,572,23,0,0,5.14115,11.3717
2,4,7,SH,1,251.67,3,0,0,119.317,315,15,0,0,5.46895,15.1431
2,4,8,NONE,1,44.07,2,0,0,37.2175,56,0,0,0,2.10749,5.7196
2,4,8,O-ET,1,43.1,1,0,0,36.775,54,0,0,0,2.27391,3.66278
2,4,8,O-SW,1,141.52,9,0,0,89.3599,177,0,0,0,3.09832,4.59092
2,4,8,O-BW,1,111.76,5,0,0,55.9399,140,5,0,0,4.3157,12.5928
2,4,8,ET+SW,1,148.54,1,0,0,83.5349,186,0,0,0,3.79195,12.6439
2,4,8,ET+BW,1,130.89,2,0,0,67.5674,164,4,0,0,4.3862,6.76961
2,4,8,SW+BW,0,600,28,0,0,285.4,750,29,0,0,4.92392,19.6751
2,4,8,SH,1,372.24,6,0,0,198.38,466,13,0,0,5.43808,12.3715
2,4,9,NONE,1,36.39,0,0,0.0098579,30.8975,46,0,0,0,2.64775,4.10497
2,4,9,O-ET,1,41.49,1,0,0,32.1725,52,0,0,0,2.68198,3.71854
2,4,9,O-SW,1,83.83,6,0,0,55.7149,105,0,0,0,3.70423,6.87229
2,4,9,O-BW,1,105.63,3,0,0,59.6074,133,5,0,0,4.15248,9.86663
2,4,9,ET+SW,1,83.84,0,0,0.0240884,52.5199,105,0,0,0,3.61074,5.73657
2,4,9,ET+BW,1,155.99,3,0,0,89.1974,195,5,0,0,4.71821,8.98483
2,4,9,SW+BW,1,358.51,19,0,0,199.082,449,14,0,0,5.37185,50.9066
2,4,9,SH,1,238.83,13,0,0,121.107,299,12,0,0,6.20946,54.2491
2,4,10,NONE,1,38.92,5,0,0,37.33,49,0,0,0,2.21232,2.95013
2,4,10,O-ET,1,35.04,3,0,0,30.52,44,0,0,0,2.55498,3.08091
2,4,10,O-SW,1,128.3,4,0,0,74.875,161,0,0,0,3.52236,5.88476
2,4,10,O-BW,1,191.14,3,0,0,123.185,239,4,0,0,5.05368,12.0218
2,4,10,ET+SW,1,164.65,4,0,0,119.762,206,0,0,0,4.28092,31.6637
2,4,10,ET+BW,1,189.59,2,0,0,113.797,237,6,0,0,4.60353,7.81289
2,4,10,SW+BW,1,261.53,6,0,0,149.582,327,9,0,0,5.66606,15.8464
2,4,10,SH,1,246.5,3,0,0,145.025,309,4,0,0,6.03928,10.295
2,4,11,NONE,1,31.47,3,0,0,29.0675,40,0,0,0,2.05861,3.04834
2,4,11,O-ET,1,32.08,2,0,0,29.02,41,0,0,0,2.3053,2.9429
2,4,11,O-SW,1,77.27,3,0,0,48.1174,97,0,0,0,3.34133,5.01745
2,4,11,O-BW,1,102.33,4,0,0,55.7474,128,5,0,0,4.1007,7.33162
2,4,11,ET+SW,1,85.16,2,0,0,46.49,107,0,0,1,3.80777,11.5337
2,4,11,ET+BW,1,88.23,1,0,0,52.115,111,3,0,0,4.695,9.55742
2,4,11,SW+BW,1,371.5,17,0,0,178.675,465,21,0,0,4.90685,10.4627
2,4,11,SH,0,600,18,0,0,280,750,35,0,0,5.11206,16.2847
2,4,12,NONE,1,44.28,8,0,0,38.87,56,0,0,0,2.25397,2.99782
2,4,12,O-ET,1,49.16,3,0,0,39.49,62,0,0,0,2.43061,3.28493
2,4,12,O-SW,1,116.74,7,0,0,73.1699,146,0,0,0,3.2409,9.57356
2,4,12,O-BW,1,154.25,6,0,0,83.9249,193,6,0,0,4.29763,9.50705
2,4,12,ET+SW,1,110.5,2,0,0,79.2249,139,0,0,0,4.20401,12.1074
2,4,12,ET+BW,1,372.41,2,0,0,220.302,466,11,0,0,4.4124,22.5123
2,4,12,SW+BW,1,155.94,13,0,0,98.3699,195,5,0,0,5.2289,12.7235
2,4,12,SH,0,600,7,0,0,306.2,750,25,0,0,5.27847,12.862
2,4,13,NONE,1,31.12,1,0,0,29.38,39,0,0,0,2.29558,2.56995
2,4,13,O-ET,1,31.87,1,0,0,29.3675,40,0,0,0,2.66462,3.5357
2,4,13,O-SW,1,196.56,7,0,0,114.74,246,0,0,0,3.31498,5.69814
2,4,13,O-BW,1,95.1,2,0,0,51.7749,119,6,0,0,4.64104,7.65569
2,4,13,ET+SW,1,174.61,2,0,0,94.2524,219,0,0,0,3.80022,6.49672
2,4,13,ET+BW,1,175.56,2,0,0,92.5799,220,10,0,0,4.51466,7.2715
2,4,13,SW+BW,1,260.67,10,0,0,146.167,326,10,0,0,5.84981,11.9217
2,4,13,SH,1,281.1,5,0,0,162.875,352,10,0,0,6.04066,12.4715
2,4,14,NONE,1,36.73,2,0,0,34.3825,46,0,0,0,2.25865,3.00425
2,4,14,O-ET,1,36.72,2,0,0,33.98,46,0,0,0,2.54442,3.80457
2,4,14,O-SW,1,76.47,3,0,0,51.9174,96,0,0,0,3.63645,15.0609
2,4,14,O-BW,1,147.77,8,0,0,87.7424,185,3,0,0,4.84102,9.74598
2,4,14,ET+SW,1,77.73,0,0,0.1712,42.4325,98,0,0,0,3.91267,6.38032
2,4,14,ET+BW,1,165.64,0,0,0.0809303,90.6099,208,6,0,0,4.6242,9.71648
2,4,14,SW+BW,1,279.81,13,0,0,162.952,350,9,0,0,6.09175,19.001
2,4,14,SH,1,453.56,4,0,0,256.56,567,16,0,0,6.07178,13.5015
2,4,15,NONE,1,39.54,3,0,0,34.485,50,0,0,0,2.38522,3.69085
2,4,15,O-ET,1,40.35,1,0,0,34.6875,51,0,0,0,3.43777,5.19078
2,4,15,O-SW,1,140.83,8,0,0,93.4074,177,0,0,0,3.44371,5.95817
2,4,15,O-BW,1,265.66,9,0,0,128.415,333,12,0,0,4.41921,7.58401
2,4,15,ET+SW,1,329.37,9,0,0,216.427,412,0,0,0,3.84211,9.22323
2,4,15,ET+BW,1,302.26,5,0,0,168.53,378,11,0,0,4.58911,16.6748
2,4,15,SW+BW,1,473.09,15,0,0,240.217,592,22,0,0,4.98217,11.5853
2,4,15,SH,1,546.77,6,0,0,275.692,684,23,0,0,5.28041,10.9088
2,4,16,NONE,1,39.61,5,0,0,34.5025,50,0,0,0,2.39879,3.74343
2,4,16,O-ET,1,39.99,1,0,0,35.5975,50,0,0,0,2.57613,3.51327
2,4,16,O-SW,1,315.5,16,0,0,184.475,395,0,0,0,3.17527,5.65888
2,4,16,O-BW,1,169.96,8,0,0,92.6899,213,7,0,0,4.12278,10.2607
2,4,16,ET+SW,1,225.78,1,0,0,130.735,283,0,0,0,3.47106,13.2132
2,4,16,ET+BW,1,118.59,2,0,0,68.8474,149,4,0,0,4.57097,8.34681
2,4,16,SW+BW,1,367.04,15,0,0,198.76,459,13,0,0,5.08091,9.26654
2,4,16,SH,1,487.71,6,0,0,274.727,610,17,0,0,5.77248,14.3379
2,4,17,NONE,1,29.79,1,0,0,27.0475,38,0,0,0,2.37946,2.94571
2,4,17,O-ET,1,29.74,1,0,0,27.035,38,0,0,0,2.71466,3.15729
2,4,17,O-SW,1,261.33,29,0,0,160.932,327,0,0,0,3.24059,4.86065
2,4,17,O-BW,1,232.52,18,0,0,121.26,291,7,0,0,4.13022,8.35682
2,4,17,ET+SW,1,303.84,5,0,0,209.92,380,0,0,0,3.77654,7.47245
2,4,17,ET+BW,1,282.6,10,0,0,158.25,354,10,0,0,4.47466,13.9172
2,4,17,SW+BW,1,282.25,12,0,0,157.162,353,7,0,0,5.79529,12.4285
2,4,17,SH,1,393.96,4,0,0,194.29,493,19,0,0,5.21295,17.0184
2,4,18,NONE,1,32.21,6,0,0,30.2525,41,0,0,0,2.55959,3.43975
2,4,18,O-ET,1,36.09,0,0,0.0902733,30.4225,46,0,0,0,2.68078,4.74736
2,4,18,O-SW,1,84.66,6,0,0,48.165,106,0,0,0,3.81198,14.4916
2,4,18,O-BW,1,206.06,4,0,0,120.115,258,7,0,0,4.19989,9.63248
2,4,18,ET+SW,1,203.46,1,0,0,120.465,255,0,0,0,3.88496,8.68291
2,4,18,ET+BW,1,97.38,2,0,0,56.7449,122,4,0,0,5.25061,10.4883
2,4,18,SW+BW,1,468.68,17,0,0,248.94,586,18,0,0,5.4672,13.5692
2,4,18,SH,1,407.77,4,0,0,217.742,510,14,0,0,6.17769,12.4078
2,4,19,NONE,1,31.91,0,0,0.101664,29.3775,40,0,0,0,2.01396,2.60907
2,4,19,O-ET,1,31.27,0,0,0.205215,29.4175,40,0,0,0,2.34073,3.28415
2,4,19,O-SW,1,93.64,9,0,0,66.0099,118,0,0,0,3.51128,5.31064
2,4,19,O-BW,1,134.41,9,0,0,76.0049,169,7,0,0,4.26622,8.32888
2,4,19,ET+SW,1,143.39,4,0,0,87.8474,180,0,0,0,4.07145,7.94211
2,4,19,ET+BW,1,249.38,2,0,0,113.545,312,13,0,0,4.16492,7.34696
2,4,19,SW+BW,1,202.19,7,0,0,109.895,253,9,0,0,5.86993,9.69401
2,4,19,SH,1,178.93,1,0,0,82.7324,224,10,0,0,5.67131,9.77948
2,5,0,NONE,1,41.91,4,0,0,32.8775,53,0,0,0,2.10189,2.58956
2,5,0,O-ET,1,42.02,1,0,0,33.705,53,0,0,0,2.39503,3.83363
2,5,0,O-SW,1,176.36,8,0,0,88.1599,221,0,0,0,3.02665,4.1682
2,5,0,O-BW,1,133.6,8,0,0,66.9999,167,7,0,0,3.88178,6.19769
2,5,0,ET+SW,1,256.61,6,0,0,117.905,321,0,0,0,3.34421,6.29936
2,5,0,ET+BW,1,93.13,4,0,0,49.53,117,3,0,0,4.51768,7.24137
2,5,0,SW+BW,1,345.51,17,0,0,147.777,432,22,0,0,4.42525,9.96582
2,5,0,SH,1,550.49,6,0,0,252.667,689,31,0,0,4.6237,11.5385
2,5,1,NONE,1,37.75,2,0,0,31.4375,48,0,0,0,2.35523,3.89156
2,5,1,O-ET,1,38.3,1,0,0,31.75,48,0,0,0,2.39428,2.95852
2,5,1,O-SW,1,156.7,5,0,0,74.7499,196,0,0,0,3.35345,7.60366
2,5,1,O-BW,1,106.95,6,0,0,68.9374,134,3,0,0,4.10739,9.55319
2,5,1,ET+SW,1,288.22,8,0,0,137.855,361,0,0,0,3.44818,5.57987
2,5,1,ET+BW,1,107.91,4,0,0,60.7774,135,5,0,0,4.23072,9.38308
2,5,1,SW+BW,0,600,22,0,0,315.4,750,27,0,0,4.67623,8.67403
2,5,1,SH,0,600,6,0,0,256.2,750,36,0,0,4.51502,9.21796
2,5,2,NONE,1,66.94,6,0,0,51.135,84,0,0,0,2.10143,2.96756
2,5,2,O-ET,1,63.36,1,0,0,46.84,80,0,0,0,2.36086,3.28036
2,5,2,O-SW,1,254.28,14,0,0,138.77,318,0,0,0,3.23315,6.48129
2,5,2,O-BW,1,159.01,6,0,0,76.7524,199,9,0,0,4.18396,8.56469
2,5,2,ET+SW,1,192.13,5,0,0,94.2324,241,0,0,0,3.70026,6.91574
2,5,2,ET+BW,1,110,4,0,0,49.5,138,7,0,0,4.77409,10.1902
2,5,2,SW+BW,1,186.01,11,0,0,92.9074,233,10,0,0,5.21542,8.08855
2,5,2,SH,1,284.06,7,0,0,122.015,356,19,0,0,5.24279,11.1953
2,5,3,NONE,1,59.37,5,0,0,45.2425,75,0,0,0,2.37398,4.21556
2,5,3,O-ET,1,59.76,6,0,0,44.14,75,0,0,0,2.55961,5.45746
2,5,3,O-SW,1,268.75,14,0,0,145.987,336,0,0,0,3.24319,5.86562
2,5,3,O-BW,1,148.46,7,0,0,80.9149,186,8,0,0,3.8877,7.87854
2,5,3,ET+SW,1,154.78,4,0,0,82.9799,194,0,0,0,3.74881,7.88117
2,5,3,ET+BW,1,130.01,7,0,0,73.5024,163,6,0,0,4.35334,8.21548
2,5,3,SW+BW,1,270.47,11,0,0,126.217,339,17,0,0,4.96674,11.391
2,5,3,SH,0,600,9,0,0,277.8,750,32,0,0,4.90322,14.274
2,5,4,NONE,1,32.22,0,0,0.00249173,30.655,41,0,0,0,2.03433,2.55572
2,5,4,O-ET,1,36.48,1,0,0,30.72,46,0,0,0,2.2241,2.86033
2,5,4,O-SW,1,125.16,8,0,0,71.7599,157,0,0,0,3.50357,7.95155
2,5,4,O-BW,1,123.17,4,0,0,70.1849,154,6,0,0,4.20808,8.58345
2,5,4,ET+SW,1,280.85,3,0,0,147.012,352,0,0,0,3.12805,5.20374
2,5,4,ET+BW,1,118.53,2,0,0,50.9299,149,7,0,0,4.19103,17.0041
2,5,4,SW+BW,1,517.64,15,0,0,224.01,648,31,0,0,4.24825,9.08302
2,5,4,SH,1,494.76,7,0,0,207.29,619,30,0,0,4.93991,9.58717
2,5,5,NONE,1,67.77,7,0,0,49.9425,85,0,0,0,2.32908,8.83883
2,5,5,O-ET,1,68.25,0,0,0.0208767,52.4625,86,0,0,0,2.65681,17.5169
2,5,5,O-SW,1,258.5,20,0,0,128.625,324,0,0,0,3.36361,11.0958
2,5,5,O-BW,1,207.14,6,0,0,103.57,259,10,0,0,3.71516,5.94667
2,5,5,ET+SW,1,293.74,4,0,0,142.94,368,0,0,0,3.16884,5.50035
2,5,5,ET+BW,1,82.8,1,0,0,36.1,104,5,0,0,4.77651,7.22046
2,5,5,SW+BW,1,512.97,17,0,0,244.442,642,28,0,0,4.74385,11.1537
2,5,5,SH,1,334.29,3,0,0,156.572,418,16,0,0,4.98824,10.0471
2,5,6,NONE,1,48.73,4,0,0,39.1825,61,0,0,0,2.251,3.72553
2,5,6,O-ET,1,55.73,3,0,0,42.5325,70,0,0,0,2.44083,3.75018
2,5,6,O-SW,1,138.56,3,0,0,84.4399,174,0,0,0,3.18814,5.34157
2,5,6,O-BW,1,159.5,13,0,0,85.6999,200,8,0,0,3.97819,8.11291
2,5,6,ET+SW,1,150.23,3,0,0,79.3574,188,0,0,0,3.29906,7.01279
2,5,6,ET+BW,1,296.47,17,0,0,133.917,371,17,0,0,3.88534,8.30559
2,5,6,SW+BW,0,600,12,0,0,289.2,750,32,0,0,4.61653,8.5485
2,5,6,SH,0,600,6,0,0,261.8,750,38,0,0,4.58701,21.3073
2,5,7,NONE,1,61.65,3,0,0,47.6125,78,0,0,0,2.25409,2.9805
2,5,7,O-ET,1,70.97,3,0,0,49.7425,89,0,0,0,2.40772,2.96864
2,5,7,O-SW,1,59.87,2,0,0,41.3675,75,0,0,0,3.46305,6.07811
2,5,7,O-BW,1,78.9,3,0,0,47.05,99,3,0,0,4.34516,10.1671
2,5,7,ET+SW,1,61.06,0,0,0.069385,40.865,77,0,0,0,4.1656,7.26582
2,5,7,ET+BW,1,207.17,6,0,0,104.185,259,9,0,0,4.33469,8.05373
2,5,7,SW+BW,1,462.47,20,0,0,207.617,579,26,0,0,4.55264,9.54156
2,5,7,SH,1,400.56,6,0,0,198.88,501,15,0,0,4.85256,9.3819
2,5,8,NONE,1,40.6,3,0,0,33.7,51,0,0,0,2.08662,2.92327
2,5,8,O-ET,1,34.43,1,0,0,29.6075,44,0,0,0,2.33547,7.19477
2,5,8,O-SW,1,244.54,9,0,0,132.735,306,0,0,2,3.06618,9.91203
2,5,8,O-BW,1,151.75,5,0,0,65.7499,190,9,0,0,4.91395,10.0363
2,5,8,ET+SW,1,231.1,4,0,0,104.95,289,0,0,0,3.52862,8.375
2,5,8,ET+BW,1,63.39,1,0,0,37.1425,80,2,0,0,4.41864,6.98644
2,5,8,SW+BW,1,588.17,18,0,0,289.527,736,30,0,0,4.28412,12.0558
2,5,8,SH,1,344.92,3,0,0,132.32,432,24,0,0,4.20983,9.79101
2,5,9,NONE,1,40.16,4,0,0,32.04,51,0,0,1,2.31984,7.75938
2,5,9,O-ET,1,40.41,1,0,0,32.7025,51,0,0,0,2.31743,3.29501
2,5,9,O-SW,1,133.18,4,0,0,59.885,167,0,0,0,3.24297,5.49172
2,5,9,O-BW,1,106.47,6,0,0,47.2699,134,7,0,0,3.99589,16.2044
2,5,9,ET+SW,1,115.11,7,0,0,66.3549,144,0,0,0,3.45797,5.27669
2,5,9,ET+BW,1,181.91,1,0,0,78.4774,228,11,0,0,4.07531,12.6105
2,5,9,SW+BW,1,342.4,13,0,0,148.8,428,20,0,0,4.48798,10.5487
2,5,9,SH,1,204.93,2,0,0,82.8974,257,12,0,0,4.96957,8.4415
2,5,10,NONE,1,54.66,5,0,0,41.865,69,0,0,0,2.25072,3.5382
2,5,10,O-ET,1,56.82,1,0,0,40.62,72,0,0,0,2.67098,4.3217
2,5,10,O-SW,1,337.5,20,0,0,168.75,422,0,0,0,2.94063,6.59744
2,5,10,O-BW,1,199.87,9,0,0,94.5674,250,10,0,0,3.8882,9.09797
2,5,10,ET+SW,1,410.43,4,0,0,204.407,514,0,0,0,3.41417,7.30485
2,5,10,ET+BW,1,139.05,2,0,0,68.1624,174,7,0,0,4.58062,14.9861
2,5,10,SW+BW,1,580.1,33,0,0,296.675,726,26,0,0,4.95233,11.3579
2,5,10,SH,1,566.43,6,0,0,244.207,709,36,0,0,5.00585,11.3336
2,5,11,NONE,1,48.69,2,0,0,38.3725,61,0,0,0,2.65555,3.98188
2,5,11,O-ET,1,49.93,0,0,0.145324,38.2825,63,0,0,0,2.80885,4.87296
2,5,11,O-SW,1,545.29,24,0,0,275.722,682,0,0,0,3.0113,7.98136
2,5,11,O-BW,1,151.21,14,0,0,80.8024,190,7,0,0,4.2965,9.06852
2,5,11,ET+SW,1,399.99,3,0,0,199.397,500,0,0,0,3.28003,6.40374
2,5,11,ET+BW,1,215.83,2,0,0,103.957,270,11,0,0,3.84526,9.45732
2,5,11,SW+BW,0,600,11,0,0,251.4,750,36,0,0,4.69655,10.6429
2,5,11,SH,0,600,6,0,0,302.2,750,25,0,0,5.06767,14.9177
2,5,12,NONE,1,53.22,1,0,0,43.705,67,0,0,0,2.14726,2.93241
2,5,12,O-ET,1,54.21,1,0,0,43.7525,68,0,0,0,2.37068,3.68902
2,5,12,O-SW,1,195.58,9,0,0,110.095,245,0,0,0,3.34042,7.01053
2,5,12,O-BW,1,230.31,11,0,0,120.377,288,13,0,0,3.61606,7.78294
2,5,12,ET+SW,1,523.37,5,0,0,249.485,655,0,0,0,3.53318,6.6803
2,5,12,ET+BW,1,121.59,2,0,0,60.9949,152,6,0,0,4.23563,6.65851
2,5,12,SW+BW,1,400.49,8,0,0,181.522,501,22,0,0,4.16685,10.369
2,5,12,SH,1,122.88,5,0,0,67.1199,154,3,0,0,6.07191,12.4699
2,5,13,NONE,1,75.65,3,0,0,56.5124,95,0,0,0,2.474,7.36296
2,5,13,O-ET,1,62.52,0,0,0.0610425,45.43,79,0,0,0,2.75153,4.79548
2,5,13,O-SW,1,585.76,30,0,0,296.44,733,0,0,0,3.29199,7.45626
2,5,13,O-BW,1,224.94,9,0,0,123.835,282,8,0,0,3.92816,12.7851
2,5,13,ET+SW,1,221.36,2,0,0,123.14,277,0,0,0,3.37426,6.38149
2,5,13,ET+BW,1,186.19,1,0,0,94.9474,233,9,0,0,4.20349,8.80227
2,5,13,SW+BW,1,223.76,7,0,0,115.88,280,11,0,0,5.23808,17.3735
2,5,13,SH,0,600,7,0,0,295.8,750,29,0,0,5.02985,41.4337
2,5,14,NONE,1,65.24,3,0,0,48.31,82,0,0,0,4.1219,91.0309
2,5,14,O-ET,1,74.92,0,0,0.0551196,54.73,94,0,0,0,2.42292,4.62844
2,5,14,O-SW,1,149.5,13,0,0,84.4999,187,0,0,0,3.25216,5.39105
2,5,14,O-BW,1,288.26,11,0,0,138.86,361,14,0,0,3.93966,8.13196
2,5,14,ET+SW,1,302.8,6,0,0,157.3,379,0,0,0,3.37927,7.17081
2,5,14,ET+BW,1,388.29,4,0,0,204.945,486,16,0,0,4.13306,9.83245
2,5,14,SW+BW,1,431.02,14,0,0,193.31,539,23,0,0,4.4415,10.226
2,5,14,SH,1,362.03,5,0,0,168.615,453,15,0,0,4.64669,8.8522
2,5,15,NONE,1,31.3,5,0,0,28.625,40,0,0,0,2.33965,2.89034
2,5,15,O-ET,1,34.69,2,0,0,28.8175,44,0,0,0,2.566,3.03704
2,5,15,O-SW,1,140.56,5,0,0,74.9399,176,0,0,0,3.00308,4.13676
2,5,15,O-BW,1,219.67,16,0,0,111.517,275,10,0,0,3.70724,6.5358
2,5,15,ET+SW,1,61.25,2,0,0,33.1125,77,0,0,0,3.58981,4.82633
2,5,15,ET+BW,1,95.59,1,0,0,50.2974,120,5,0,0,3.88803,7.00288
2,5,15,SW+BW,0,600,25,0,0,285.6,750,31,0,0,4.51854,12.511
2,5,15,SH,0,600,8,0,0,257,750,33,0,0,4.5753,10.1749
2,5,16,NONE,1,41.26,1,0,0,35.515,52,0,0,0,2.17536,2.79522
2,5,16,O-ET,1,41.1,1,0,0,32.875,52,0,0,0,2.39513,2.90423
2,5,16,O-SW,1,251.9,4,0,0,130.7,315,0,0,0,2.98143,14.599
2,5,16,O-BW,1,180.76,6,0,0,89.7699,226,10,0,0,3.55771,7.30328
2,5,16,ET+SW,1,94.81,1,0,0,61.9024,119,0,0,0,3.43219,4.56957
2,5,16,ET+BW,1,190.54,4,0,0,89.8349,239,9,0,0,4.05641,6.01067
2,5,16,SW+BW,0,600,22,0,0,285.4,750,27,0,0,4.48029,10.2863
2,5,16,SH,0,600,5,0,0,270,750,27,0,0,4.74391,11.1022
2,5,17,NONE,1,53.69,8,0,0,41.8225,68,0,0,0,1.985,2.5404
2,5,17,O-ET,1,54.54,2,0,0,40.835,69,0,0,0,2.2167,3.67831
2,5,17,O-SW,1,415.13,22,0,0,210.765,519,0,0,0,3.25786,12.1979
2,5,17,O-BW,1,104.55,5,0,0,44.5374,131,6,0,0,4.09804,6.52023
2,5,17,ET+SW,1,317.38,3,0,0,142.89,397,0,0,0,3.48478,34.9866
2,5,17,ET+BW,1,206.86,2,0,0,102.26,259,10,0,0,4.51725,9.12616
2,5,17,SW+BW,1,414.87,21,0,0,182.117,519,22,0,0,4.5847,18.7699
2,5,17,SH,1,415.18,2,0,0,184.795,519,26,0,0,5.03306,17.0731
2,5,18,NONE,1,30.91,0,0,0.0873652,27.1275,39,0,0,0,2.02165,5.35275
2,5,18,O-ET,1,31.1,0,0,0.0965022,27.175,39,0,0,0,2.22204,4.23867
2,5,18,O-SW,1,100.38,7,0,0,58.1899,126,0,0,0,3.08014,4.21605
2,5,18,O-BW,1,73.05,7,0,0,39.6499,92,3,0,0,4.44388,9.70182
2,5,18,ET+SW,1,189.02,0,0,0.0691727,95.8549,237,0,0,0,3.53144,14.7393
2,5,18,ET+BW,1,115.96,3,0,0,59.3799,145,6,0,0,4.53103,7.71283
2,5,18,SW+BW,1,116.15,4,0,0,45.075,146,7,0,0,5.47771,28.1176
2,5,18,SH,1,222.39,6,0,0,85.1899,278,16,0,0,5.42051,39.3737
2,5,19,NONE,1,49,4,0,0,32.25,62,0,0,0,2.18361,2.62036
2,5,19,O-ET,1,51.3,7,0,0,34.625,65,0,0,0,2.48231,3.40271
2,5,19,O-SW,1,95.51,5,0,0,45.2775,120,0,0,0,3.64783,9.95156
2,5,19,O-BW,1,170.74,7,0,0,82.6849,214,11,0,0,4.31689,13.8663
2,5,19,ET+SW,1,193.03,2,0,0,87.2574,242,0,0,0,4.35451,29.9671
2,5,19,ET+BW,1,140.05,5,0,0,67.2124,176,7,0,0,4.53113,15.6856
2,5,19,SW+BW,0,600,29,0,0,255,750,35,0,0,4.64192,17.7533
2,5,19,SH,1,261.06,3,0,0,94.7299,327,17,0,0,4.74868,9.82675
3,1,0,NONE,1,57.56,1,0,0,28.285,72,0,0,0,1.59945,2.09012
3,1,0,O-ET,1,59.52,2,0,0,29.18,75,0,0,0,1.92672,2.66893
3,1,0,O-SW,1,119.55,6,0,0,40.9875,150,0,0,0,3.49005,5.11438
3,1,0,O-BW,1,81.97,5,0,0,33.9462,103,2,0,0,3.93224,7.94186
3,1,0,ET+SW,1,116.29,5,0,0,39.5725,146,0,0,0,4.1248,11.6114
3,1,0,ET+BW,1,83.91,3,0,0,33.7775,105,2,0,0,4.40377,11.7304
3,1,0,SW+BW,1,119.55,6,0,0,40.9875,150,6,0,0,5.82575,9.43469
3,1,0,SH,1,116.29,5,0,0,39.5725,146,7,0,0,5.51134,11.4411
3,1,1,NONE,1,55.15,5,0,0,27.0812,69,0,0,0,1.58937,2.28246
3,1,1,O-ET,1,63.99,3,0,0,27.395,80,0,0,0,2.0166,2.50209
3,1,1,O-SW,1,114.42,4,0,0,44.71,144,0,0,0,4.08085,5.66081
3,1,1,O-BW,1,135.06,5,0,0,52.465,169,4,0,0,4.63364,7.95747
3,1,1,ET+SW,1,121.31,3,0,0,44.5912,152,0,0,0,4.75022,8.02414
3,1,1,ET+BW,1,89.19,0,0,0.322132,34.9975,112,3,0,0,5.17707,10.5797
3,1,1,SW+BW,1,114.42,4,0,0,44.71,144,5,0,0,7.47281,11.9083
3,1,1,SH,1,121.31,3,0,0,44.5912,152,4,0,0,7.58746,13.5633
3,1,2,NONE,1,55.34,2,0,0,27.235,70,0,0,0,1.62099,2.26586
3,1,2,O-ET,1,57.33,3,0,0,27.4325,72,0,0,0,1.99303,2.64346
3,1,2,O-SW,1,118.37,1,0,0,46.885,148,0,0,0,3.9282,5.54723
3,1,2,O-BW,1,71.73,7,0,0,30.5987,90,2,0,0,4.74229,12.2218
3,1,2,ET+SW,1,123.84,6,0,0,43.34,155,0,0,0,4.05252,5.53341
3,1,2,ET+BW,1,115.2,5,0,0,37.7,144,7,0,0,5.60047,17.2553
3,1,2,SW+BW,1,118.37,1,0,0,46.885,148,3,0,0,7.4629,12.8799
3,1,2,SH,1,123.84,6,0,0,43.34,155,5,0,0,7.2912,16.3514
3,1,3,NONE,1,52.42,2,0,0,25.705,66,0,0,0,2.499,9.99449
3,1,3,O-ET,1,52.39,2,0,0,25.7462,66,0,0,0,2.53779,3.62404
3,1,3,O-SW,1,70.31,1,0,0,27.5775,88,0,0,0,3.31323,5.6449
3,1,3,O-BW,1,72.99,3,0,0,30.9475,92,1,0,0,4.50345,7.67062
3,1,3,ET+SW,1,67.77,3,0,0,28.7137,85,0,0,0,3.20733,4.74955
3,1,3,ET+BW,1,67.77,3,0,0,28.7137,85,0,0,0,4.38614,7.63001
3,1,3,SW+BW,1,70.31,1,0,0,27.5775,88,2,0,0,4.8383,9.12967
3,1,3,SH,1,67.77,3,0,0,28.7137,85,0,0,0,5.23581,6.57594
3,1,4,NONE,1,57.02,4,0,0,27.955,72,0,0,0,1.73657,4.27662
3,1,4,O-ET,1,57.82,4,0,0,28.155,73,0,0,0,2.03302,2.77628
3,1,4,O-SW,1,121.88,3,0,0,39.24,153,0,0,0,3.87646,7.13007
3,1,4,O-BW,1,101.57,5,0,0,39.685,127,4,0,0,4.96069,25.3111
3,1,4,ET+SW,1,131.69,6,0,0,42.3225,165,0,0,0,4.01099,16.7681
3,1,4,ET+BW,1,98.79,3,0,0,30.2975,124,7,0,0,4.7711,8.61523
3,1,4,SW+BW,1,121.88,3,0,0,39.24,153,7,0,0,5.67246,11.4244
3,1,4,SH,1,131.69,6,0,0,42.3225,165,7,0,0,6.91598,16.8245
3,1,5,NONE,1,55.27,2,0,0,27.2175,70,0,0,0,1.59282,3.53825
3,1,5,O-ET,1,55.55,2,0,0,27.2875,70,0,0,0,1.73241,3.72969
3,1,5,O-SW,1,113.77,3,0,0,38.4212,143,0,0,0,2.95507,7.31524
3,1,5,O-BW,1,69.88,1,0,0,28.47,88,2,0,0,3.67983,7.52819
3,1,5,ET+SW,1,111.93,4,0,0,36.665,140,0,0,0,2.9486,13.4323
3,1,5,ET+BW,1,68.4,0,0,0.0619614,28.6,86,2,0,0,3.58265,5.67995
3,1,5,SW+BW,1,113.77,3,0,0,38.4212,143,5,0,0,4.49409,19.8285
3,1,5,SH,1,111.93,4,0,0,36.665,140,7,0,0,4.29215,7.93377
3,1,6,NONE,1,60.87,4,0,0,30.0087,77,0,0,0,2.06917,3.2791
3,1,6,O-ET,1,62.63,3,0,0,30.2575,79,0,0,0,2.16632,4.88769
3,1,6,O-SW,1,96.36,2,0,0,33.49,121,0,0,0,3.33466,5.01039
3,1,6,O-BW,1,85.01,3,0,0,31.8787,107,3,0,0,4.43276,20.1526
3,1,6,ET+SW,1,135.43,3,0,0,41.6287,170,0,0,0,4.18779,6.66404
3,1,6,ET+BW,1,93.71,5,0,0,38.4275,118,2,0,0,4.53479,7.3756
3,1,6,SW+BW,1,96.36,2,0,0,33.49,121,4,0,0,5.79491,8.80411
3,1,6,SH,1,135.43,3,0,0,41.6287,170,10,0,0,5.86641,13.5771
3,1,7,NONE,1,62.77,3,0,0,30.8925,79,0,0,0,2.23135,3.82253
3,1,7,O-ET,1,65.42,1,0,0,31.0325,82,0,0,0,2.66046,3.79451
3,1,7,O-SW,1,153.19,3,0,0,43.2975,192,0,0,0,2.96154,5.37621
3,1,7,O-BW,1,130.7,3,0,0,44.475,164,7,0,0,3.27064,5.41405
3,1,7,ET+SW,1,175.18,4,0,0,51.19,219,0,0,0,3.27886,5.92835
3,1,7,ET+BW,1,118.12,4,0,0,43.96,148,5,0,0,3.67884,7.09215
3,1,7,SW+BW,1,153.19,3,0,0,43.2975,192,9,0,0,4.74355,8.85497
3,1,7,SH,1,175.18,4,0,0,51.19,219,12,0,0,5.563,20.6962
3,1,8,NONE,1,52.89,3,0,0,25.9225,67,0,0,0,2.07262,5.02409
3,1,8,O-ET,1,53.67,2,0,0,26.1175,68,0,0,0,2.36868,3.58522
3,1,8,O-SW,1,122.25,2,0,0,40.5437,153,0,0,0,4.09579,7.52845
3,1,8,O-BW,1,89.41,2,0,0,34.8287,112,3,0,0,4.52104,8.73903
3,1,8,ET+SW,1,121.8,4,0,0,40.85,153,0,0,0,4.5621,8.05485
3,1,8,ET+BW,1,83.17,3,0,0,31.9925,104,3,0,0,5.40165,9.93401
3,1,8,SW+BW,1,122.25,2,0,0,40.5437,153,7,0,0,6.22771,11.0251
3,1,8,SH,1,121.8,4,0,0,40.85,153,6,0,0,7.01631,11.0991
3,1,9,NONE,1,56.49,4,0,0,27.7225,71,0,0,0,1.6336,2.08128
3,1,9,O-ET,1,60.71,4,0,0,27.7662,76,0,0,0,2.08776,2.91363
3,1,9,O-SW,1,128.63,8,0,0,42.315,161,0,0,0,3.75386,5.27762
3,1,9,O-BW,1,125.7,3,0,0,46.025,158,5,0,0,4.81955,7.7247
3,1,9,ET+SW,1,171.37,2,0,0,55.5425,215,0,0,0,3.84585,7.31257
3,1,9,ET+BW,1,122.71,3,0,0,42.1387,154,6,0,0,4.83796,9.55135
3,1,9,SW+BW,1,128.63,8,0,0,42.315,161,6,0,0,6.32958,11.9563
3,1,9,SH,1,171.37,2,0,0,55.5425,215,9,0,0,6.28966,11.7286
3,1,10,NONE,1,50.87,2,0,0,24.9175,64,0,0,0,1.95747,3.91901
3,1,10,O-ET,1,52.29,2,0,0,25.2725,66,0,0,0,2.11772,4.97837
3,1,10,O-SW,1,114.36,2,0,0,41.285,143,0,0,0,4.10665,5.68209
3,1,10,O-BW,1,111.23,5,0,0,38.2037,140,6,0,0,4.43637,10.5309
3,1,10,ET+SW,1,139.91,7,0,0,44.7662,175,0,0,0,4.86355,7.57797
3,1,10,ET+BW,1,87.36,8,0,0,31.04,110,4,0,0,5.53144,11.0223
3,1,10,SW+BW,1,114.36,2,0,0,41.285,143,5,0,0,6.75952,12.228
3,1,10,SH,1,139.91,7,0,0,44.7662,175,9,0,0,7.65074,13.6198
3,1,11,NONE,1,54.97,1,0,0,27.0137,69,0,0,0,2.31181,3.6173
3,1,11,O-ET,1,55.8,1,0,0,27.05,70,0,0,0,2.2916,6.70251
3,1,11,O-SW,1,126.39,6,0,0,51.2962,158,0,0,0,3.5785,8.70424
3,1,11,O-BW,1,121.63,6,0,0,51.3075,153,1,0,0,4.32532,6.50105
3,1,11,ET+SW,1,125.58,8,0,0,51.89,157,0,0,0,4.1386,8.0302
3,1,11,ET+BW,1,122.37,9,0,0,50.385,153,2,0,0,4.69991,6.75463
3,1,11,SW+BW,1,126.39,6,0,0,51.2962,158,2,0,0,6.03435,12.8484
3,1,11,SH,1,125.58,8,0,0,51.89,157,2,0,0,6.79844,13.7596
3,1,12,NONE,1,56.28,3,0,0,27.67,71,0,0,0,1.91642,2.5782
3,1,12,O-ET,1,57.76,1,0,0,27.54,73,0,0,0,2.31153,3.42508
3,1,12,O-SW,1,243.73,5,0,0,74.365,305,0,0,0,3.89546,5.49195
3,1,12,O-BW,1,120.65,5,0,0,41.2625,151,7,0,0,4.38166,6.57822
3,1,12,ET+SW,1,139.67,3,0,0,38.4175,175,0,0,0,4.55197,20.333
3,1,12,ET+BW,1,108.46,4,0,0,33.33,136,6,0,0,5.1638,8.67273
3,1,12,SW+BW,1,243.73,5,0,0,74.365,305,17,0,0,6.12371,12.3232
3,1,12,SH,1,139.67,3,0,0,38.4175,175,10,0,0,6.70261,13.3391
3,1,13,NONE,1,55.24,2,0,0,27.11,70,0,0,0,1.637,2.71035
3,1,13,O-ET,1,56.87,3,0,0,27.2175,72,0,0,0,2.13204,3.44477
3,1,13,O-SW,1,157.54,7,0,0,53.185,197,0,0,0,3.6873,5.10937
3,1,13,O-BW,1,92.54,1,0,0,32.135,116,5,0,0,4.55299,7.88525
3,1,13,ET+SW,1,157.42,3,0,0,48.8775,197,0,0,0,4.1668,8.38985
3,1,13,ET+BW,1,99.11,1,0,0,32.0662,124,5,0,0,4.49369,7.50176
3,1,13,SW+BW,1,157.54,7,0,0,53.185,197,8,0,0,6.33839,12.1785
3,1,13,SH,1,157.42,3,0,0,48.8775,197,11,0,0,6.26605,9.19085
3,1,14,NONE,1,56.71,3,0,0,27.8662,71,0,0,0,1.71367,3.33971
3,1,14,O-ET,1,59.72,2,0,0,28.06,75,0,0,0,1.9959,3.18218
3,1,14,O-SW,1,88.95,4,0,0,32.8375,112,0,0,0,3.63808,5.87092
3,1,14,O-BW,1,76.61,1,0,0,30.205,96,3,0,0,4.24436,6.03902
3,1,14,ET+SW,1,89.7,6,0,0,35.025,113,0,0,0,3.87814,6.61613
3,1,14,ET+BW,1,76.23,0,0,0.0345516,30.915,96,2,0,0,4.82681,7.77184
3,1,14,SW+BW,1,88.95,4,0,0,32.8375,112,3,0,0,6.30749,11.0385
3,1,14,SH,1,89.7,6,0,0,35.025,113,3,0,0,6.37231,11.9217
3,1,15,NONE,1,63.53,10,0,0,31.2825,80,0,0,0,1.94261,2.31844
3,1,15,O-ET,1,66.13,7,0,0,31.7325,83,0,0,0,2.6019,11.2909
3,1,15,O-SW,1,181.23,7,0,0,58.4612,227,0,0,0,3.50251,8.03333
3,1,15,O-BW,1,81.17,2,0,0,33.3925,102,2,0,0,5.07652,7.31715
3,1,15,ET+SW,1,99.78,5,0,0,34.545,125,0,0,0,4.1118,6.33398
3,1,15,ET+BW,1,96.07,4,0,0,33.8175,121,4,0,0,4.57839,7.79071
3,1,15,SW+BW,1,181.23,7,0,0,58.4612,227,11,0,0,5.28444,9.10189
3,1,15,SH,1,99.78,5,0,0,34.545,125,4,0,0,6.3897,9.20982
3,1,16,NONE,1,55.19,1,0,0,26.9975,69,0,0,0,1.5805,2.68619
3,1,16,O-ET,1,55.57,2,0,0,27.0387,70,0,0,0,1.95483,2.36993
3,1,16,O-SW,1,184.47,6,0,0,50.2175,231,0,0,0,3.68934,11.0689
3,1,16,O-BW,1,116.97,6,0,0,35.7212,147,9,0,0,3.98125,9.26532
3,1,16,ET+SW,1,180.98,3,0,0,49.4225,227,0,0,0,3.82654,6.06266
3,1,16,ET+BW,1,179.19,4,0,0,53.8962,224,11,0,0,4.29247,7.11334
3,1,16,SW+BW,1,184.47,6,0,0,50.2175,231,13,0,0,5.92441,26.7543
3,1,16,SH,1,180.98,3,0,0,49.4225,227,13,0,0,6.17356,17.3912
3,1,17,NONE,1,54.4,3,0,0,26.8,68,0,0,0,1.62924,2.39655
3,1,17,O-ET,1,56.67,2,0,0,26.8512,71,0,0,0,1.95582,2.44172
3,1,17,O-SW,1,87.28,2,0,0,30.03,110,0,0,0,3.53182,6.50204
3,1,17,O-BW,1,111.01,4,0,0,35.7287,139,7,0,0,4.05318,7.29479
3,1,17,ET+SW,1,171.39,7,0,0,56.195,215,0,0,0,4.13769,6.27198
3,1,17,ET+BW,1,85.72,2,0,0,32.33,108,4,0,0,4.58521,9.52296
3,1,17,SW+BW,1,87.28,2,0,0,30.03,110,4,0,0,6.6026,11.2296
3,1,17,SH,1,171.39,7,0,0,56.195,215,10,0,0,6.73712,11.0097
3,1,18,NONE,1,53.34,3,0,0,26.2025,67,0,0,0,1.60391,2.13412
3,1,18,O-ET,1,54.84,3,0,0,26.265,69,0,0,0,2.03972,3.52417
3,1,18,O-SW,1,225.98,6,0,0,74.495,283,0,0,0,3.64273,8.77589
3,1,18,O-BW,1,87.68,6,0,0,34.22,110,3,0,0,5.07444,14.0629
3,1,18,ET+SW,1,94.85,11,0,0,34.2687,119,0,0,0,4.0761,6.33236
3,1,18,ET+BW,1,102.05,11,0,0,33.625,128,5,0,0,4.74639,6.26305
3,1,18,SW+BW,1,225.98,6,0,0,74.495,283,13,0,0,5.71438,12.3281
3,1,18,SH,1,94.85,11,0,0,34.2687,119,2,0,0,7.21605,10.3172
3,1,19,NONE,1,60.44,3,0,0,29.61,76,0,0,0,1.66202,2.56392
3,1,19,O-ET,1,69.55,3,0,0,30.5812,87,0,0,0,2.77228,5.02739
3,1,19,O-SW,1,181.2,9,0,0,54.75,227,0,0,0,3.74461,5.59336
3,1,19,O-BW,1,136.09,1,0,0,49.8225,171,7,0,0,4.48559,10.7585
3,1,19,ET+SW,1,157.16,9,0,0,45.09,197,0,0,0,3.73612,6.23737
3,1,19,ET+BW,1,94.15,1,0,0,32.6375,118,5,0,0,4.55431,6.72035
3,1,19,SW+BW,1,181.2,9,0,0,54.75,227,11,0,0,6.29009,10.1291
3,1,19,SH,1,157.16,9,0,0,45.09,197,12,0,0,5.49421,10.1018
3,2,0,NONE,1,58.95,2,0,0,29.0062,74,0,0,0,2.49672,3.8566
3,2,0,O-ET,1,61.38,0,0,0.266327,29.0175,77,0,0,0,2.89275,4.19441
3,2,0,O-SW,1,169.45,5,0,0,48.3625,212,0,0,0,3.52554,5.7313
3,2,0,O-BW,1,132.16,9,0,0,38.54,166,10,0,0,4.22513,18.1206
3,2,0,ET+SW,1,136.01,9,0,0,40.7025,171,0,0,0,3.64622,5.38976
3,2,0,ET+BW,1,136.87,4,0,0,37.5087,172,11,0,0,4.412,7.62561
3,2,0,SW+BW,1,232.82,4,0,0,59.705,292,20,0,0,4.91412,8.48188
3,2,0,SH,1,280.94,18,0,0,73.1175,352,23,0,0,5.06005,9.88769
3,2,1,NONE,1,66.4,3,0,0,32.4,83,0,0,0,1.95014,2.67416
3,2,1,O-ET,1,76.68,3,0,0,33.755,96,0,0,0,2.52375,16.8836
3,2,1,O-SW,1,160.76,4,0,0,43.89,201,0,0,0,3.08464,7.0398
3,2,1,O-BW,1,143.94,7,0,0,40.87,180,11,0,0,4.36659,9.10931
3,2,1,ET+SW,1,106.21,2,0,0,37.2287,133,0,0,0,3.65818,6.01553
3,2,1,ET+BW,1,188.27,7,0,0,46.8012,236,15,0,0,3.97466,7.68368
3,2,1,SW+BW,1,137.35,12,0,0,40.5062,172,7,0,0,5.89351,8.78523
3,2,1,SH,1,157.43,8,0,0,39.7362,197,13,0,0,5.76536,12.0616
3,2,2,NONE,1,57.69,3,0,0,28.3225,73,0,0,0,1.91619,2.44104
3,2,2,O-ET,1,60.68,4,0,0,28.355,76,0,0,0,2.27668,3.15766
3,2,2,O-SW,1,202.68,5,0,0,65.67,254,0,0,0,3.24534,5.20323
3,2,2,O-BW,1,140.69,1,0,0,36.1587,176,11,0,0,4.07747,7.73712
3,2,2,ET+SW,1,201.08,12,0,0,58.77,252,0,0,0,3.70518,6.39007
3,2,2,ET+BW,1,167.09,4,0,0,43.1587,209,12,0,0,4.51905,8.85239
3,2,2,SW+BW,1,205.99,5,0,0,47.9975,258,19,0,0,4.13074,6.89947
3,2,2,SH,1,282.59,10,0,0,65.6475,354,25,0,0,5.19625,12.9227
3,2,3,NONE,1,65.65,3,0,0,31.7125,83,0,0,0,1.95803,3.08938
3,2,3,O-ET,1,67.23,2,0,0,31.6075,85,0,0,0,2.16746,2.76327
3,2,3,O-SW,1,177.3,3,0,0,48.325,222,0,0,0,2.87088,4.37888
3,2,3,O-BW,1,170.26,6,0,0,42.7475,213,13,0,0,4.22558,6.74504
3,2,3,ET+SW,1,125.28,7,0,0,38.34,157,0,0,0,3.03678,4.28226
3,2,3,ET+BW,1,129.78,7,0,0,38.345,163,8,0,0,4.51944,7.42942
3,2,3,SW+BW,1,216.29,7,0,0,59.4362,271,16,0,0,5.55122,20.9198
3,2,3,SH,1,208.59,10,0,0,52.1212,261,17,0,0,5.60328,36.2085
3,2,4,NONE,1,63,1,0,0,30.825,79,0,0,0,2.33498,3.59124
3,2,4,O-ET,1,71.26,2,0,0,32.915,90,0,0,0,2.60572,3.49216
3,2,4,O-SW,1,195.4,12,0,0,47.1,245,0,0,0,3.46221,15.1718
3,2,4,O-BW,1,143.28,4,0,0,35.22,180,12,0,0,4.09688,7.02556
3,2,4,ET+SW,1,233.95,15,0,0,60.8875,293,0,0,0,3.7977,6.69472
3,2,4,ET+BW,1,158.58,4,0,0,44.29,199,11,0,0,3.97777,6.94435
3,2,4,SW+BW,1,174.94,7,0,0,39.7025,219,16,0,0,4.674,19.3583
3,2,4,SH,1,518.54,17,0,0,119.135,649,44,0,0,4.76197,18.7121
3,2,5,NONE,1,55.69,7,0,0,27.3225,70,0,0,0,2.24198,2.43763
3,2,5,O-ET,1,64.05,10,0,0,27.8125,81,0,0,0,2.63409,4.90243
3,2,5,O-SW,1,138.35,3,0,0,43.1875,173,0,0,0,3.42463,6.05933
3,2,5,O-BW,1,121.81,2,0,0,31.305,153,11,0,0,4.24457,7.31057
3,2,5,ET+SW,1,135.68,6,0,0,41.82,170,0,0,0,3.62378,6.23168
3,2,5,ET+BW,1,125.96,4,0,0,31.89,158,11,0,0,4.89083,9.16785
3,2,5,SW+BW,1,237.1,13,0,0,59.25,297,20,0,0,5.7935,13.2592
3,2,5,SH,1,183.24,2,0,0,41.91,230,16,0,0,5.82006,11.9682
3,2,6,NONE,1,54.06,3,0,0,26.515,68,0,0,0,1.90372,2.34684
3,2,6,O-ET,1,60.08,1,0,0,26.62,76,0,0,0,2.30898,4.26583
3,2,6,O-SW,1,106.46,5,0,0,31.515,134,0,0,0,3.685,5.22511
3,2,6,O-BW,1,106.13,2,0,0,32.665,133,6,0,0,4.9623,8.24518
3,2,6,ET+SW,1,154.71,8,0,0,38.355,194,0,0,0,3.84638,6.97602
3,2,6,ET+BW,1,113.59,1,0,0,32.7975,142,8,0,0,4.87572,7.74969
3,2,6,SW+BW,1,213.13,5,0,0,45.865,267,21,0,0,5.0006,8.91258
3,2,6,SH,1,220.01,3,0,0,56.105,276,17,0,0,5.33548,11.3385
3,2,7,NONE,1,57.3,3,0,0,28.025,72,0,0,0,2.18394,2.52753
3,2,7,O-ET,1,58.97,3,0,0,28.3425,74,0,0,0,2.51438,3.72488
3,2,7,O-SW,1,148.69,3,0,0,39.1725,186,0,0,0,3.19027,4.41881
3,2,7,O-BW,1,135.46,6,0,0,34.365,170,12,0,0,3.51256,6.81979
3,2,7,ET+SW,1,103.47,3,0,0,31.2337,130,0,0,0,3.35826,4.80506
3,2,7,ET+BW,1,113.52,4,0,0,33.57,142,6,0,0,4.14031,6.22738
3,2,7,SW+BW,1,214.56,5,0,0,44.32,269,19,0,0,4.49941,12.8237
3,2,7,SH,1,173.25,4,0,0,42.8125,217,13,0,0,5.72265,11.4894
3,2,8,NONE,1,65.58,4,0,0,29.89,82,0,0,0,2.47869,3.94362
3,2,8,O-ET,1,68.78,3,0,0,30.2925,86,0,0,0,2.06904,2.53857
3,2,8,O-SW,1,230.8,3,0,0,66.15,289,0,0,0,3.39532,12.1819
3,2,8,O-BW,1,172.54,4,0,0,41.8025,216,15,0,0,3.90374,19.6876
3,2,8,ET+SW,1,147.13,7,0,0,44.2737,184,0,0,0,3.89487,6.78453
3,2,8,ET+BW,1,170.99,6,0,0,41.8212,214,14,0,0,4.09023,7.30925
3,2,8,SW+BW,1,346.66,8,0,0,83.33,434,29,0,0,4.86196,10.478
3,2,8,SH,1,289.55,4,0,0,66.375,362,25,0,0,5.21554,10.7433
3,2,9,NONE,1,60.78,4,0,0,29.6925,76,0,0,0,2.63463,5.52507
3,2,9,O-ET,1,64.82,9,0,0,30.105,82,0,0,0,2.61165,4.50117
3,2,9,O-SW,1,130.42,7,0,0,41.7025,164,0,0,0,3.52074,56.2396
3,2,9,O-BW,1,111.36,5,0,0,30.72,140,8,0,0,3.8236,8.6293
3,2,9,ET+SW,1,101.43,6,0,0,35.9362,127,0,0,0,3.55174,6.24562
3,2,9,ET+BW,1,119.63,4,0,0,33.5537,150,9,0,0,4.42923,11.7372
3,2,9,SW+BW,1,299.32,13,0,0,75.43,375,24,0,0,4.42023,9.24486
3,2,9,SH,1,180.32,5,0,0,39.94,226,18,0,0,5.21418,9.3059
3,2,10,NONE,1,54.81,4,0,0,26.9025,69,0,0,0,2.02738,4.51863
3,2,10,O-ET,1,64.28,6,0,0,27.07,81,0,0,0,2.33791,3.72902
3,2,10,O-SW,1,128.47,8,0,0,36.2175,161,0,0,0,3.60528,5.29954
3,2,10,O-BW,1,130.35,6,0,0,38.975,163,9,0,0,5.01771,9.02958
3,2,10,ET+SW,1,74.96,10,0,0,26.31,94,0,0,0,4.03088,7.79534
3,2,10,ET+BW,1,148.82,3,0,0,33.21,187,14,0,0,4.29564,7.11107
3,2,10,SW+BW,1,204.4,0,0,0.147589,48.6,256,18,0,0,5.1404,9.07076
3,2,10,SH,1,298.49,11,0,0,63.2112,374,28,0,0,6.17221,13.215
3,2,11,NONE,1,57.37,1,0,0,28.2137,72,0,0,0,2.11695,5.18705
3,2,11,O-ET,1,58.44,1,0,0,28.51,74,0,0,0,2.31805,3.44581
3,2,11,O-SW,1,132.26,11,0,0,34.865,166,0,0,0,3.51897,6.41768
3,2,11,O-BW,1,135.57,2,0,0,37.9925,170,10,0,0,4.35959,8.60486
3,2,11,ET+SW,1,80.64,3,0,0,30.86,101,0,0,0,3.90062,5.53075
3,2,11,ET+BW,1,153.86,4,0,0,43.03,193,12,0,0,4.60236,7.90815
3,2,11,SW+BW,1,308.79,4,0,0,77.2975,386,27,0,0,5.42439,23.5534
3,2,11,SH,1,169.03,6,0,0,40.515,212,16,0,0,5.64501,10.9794
3,2,12,NONE,1,61.44,2,0,0,29.84,77,0,0,0,1.93882,2.35106
3,2,12,O-ET,1,62.34,2,0,0,29.6775,78,0,0,0,2.12996,2.72345
3,2,12,O-SW,1,128.95,4,0,0,36.9187,162,0,0,0,4.03496,7.77357
3,2,12,O-BW,1,130.63,5,0,0,34.715,164,11,0,0,4.26214,13.0037
3,2,12,ET+SW,1,155.18,11,0,0,41.4925,194,0,0,0,3.67323,5.76059
3,2,12,ET+BW,1,131.58,5,0,0,34.29,165,12,0,0,4.61385,9.64081
3,2,12,SW+BW,1,233.98,5,0,0,46.79,293,24,0,0,5.68588,11.3051
3,2,12,SH,1,531.57,5,0,0,108.592,665,54,0,0,5.42504,17.1903
3,2,13,NONE,1,53.47,7,0,0,26.2512,67,0,0,0,1.91562,2.54331
3,2,13,O-ET,1,58.52,4,0,0,26.26,74,0,0,0,2.2385,3.46461
3,2,13,O-SW,1,205.66,7,0,0,53.43,258,0,0,0,3.29979,5.39687
3,2,13,O-BW,1,186.51,11,0,0,37.8275,234,17,0,0,3.99994,7.30616
3,2,13,ET+SW,1,128.47,9,0,0,35.3762,161,0,0,0,3.83685,5.09106
3,2,13,ET+BW,1,134.16,7,0,0,33.61,168,12,0,0,4.45448,7.34059
3,2,13,SW+BW,1,252.09,6,0,0,54.845,316,23,0,0,5.04823,8.93613
3,2,13,SH,1,244.55,4,0,0,43.6062,306,24,0,0,5.13745,11.6226
3,2,14,NONE,1,54.05,2,0,0,26.5125,68,0,0,0,2.42858,4.86754
3,2,14,O-ET,1,58.2,3,0,0,26.725,73,0,0,0,2.57669,3.12109
3,2,14,O-SW,1,161.87,1,0,0,51.0675,203,0,0,0,3.41923,16.2543
3,2,14,O-BW,1,106.7,4,0,0,28.675,134,9,0,0,4.39574,12.0462
3,2,14,ET+SW,1,140.62,1,0,0,37.755,176,0,0,0,3.7242,15.7768
3,2,14,ET+BW,1,159.53,7,0,0,45.5825,200,11,0,0,5.20326,14.0022
3,2,14,SW+BW,1,169.1,7,0,0,43.875,212,13,0,0,5.11794,11.4034
3,2,14,SH,1,178.76,2,0,0,44.735,224,16,0,0,5.5859,10.301
3,2,15,NONE,1,58.19,5,0,0,28.5212,73,0,0,0,2.47454,4.93426
3,2,15,O-ET,1,65.05,6,0,0,29.1625,82,0,0,0,3.33162,19.0383
3,2,15,O-SW,1,102.38,1,0,0,33.39,128,0,0,0,3.87485,6.97816
3,2,15,O-BW,1,126.81,7,0,0,40.2025,159,9,0,0,4.29273,7.55279
3,2,15,ET+SW,1,127.31,6,0,0,41.2137,160,0,0,0,3.74525,6.16811
3,2,15,ET+BW,1,159.7,6,0,0,47.725,200,10,0,0,5.19967,10.6567
3,2,15,SW+BW,1,130.69,9,0,0,31.3725,164,11,0,0,6.72844,12.4466
3,2,15,SH,1,230.85,4,0,0,59.5562,289,18,0,0,6.20913,11.6842
3,2,16,NONE,1,65.49,2,0,0,31.4587,82,0,0,0,3.00454,4.22487
3,2,16,O-ET,1,67.11,1,0,0,31.4662,84,0,0,0,2.73896,12.2618
3,2,16,O-SW,1,131.54,3,0,0,39.085,165,0,0,0,3.39347,4.96154
3,2,16,O-BW,1,148.1,7,0,0,39.225,186,12,0,0,4.38497,8.1616
3,2,16,ET+SW,1,209.38,10,0,0,52.3175,262,0,0,0,3.62187,7.83123
3,2,16,ET+BW,1,153.44,3,0,0,40.56,192,11,0,0,4.19671,7.203
3,2,16,SW+BW,1,153.18,8,0,0,40.79,192,13,0,0,5.34148,8.93109
3,2,16,SH,1,155.29,3,0,0,42.7337,195,12,0,0,6.33865,13.6249
3,2,17,NONE,1,55.2,2,0,0,26.9,69,0,0,0,1.96103,3.03255
3,2,17,O-ET,1,59.26,2,0,0,26.8075,75,0,0,0,2.11499,2.61694
3,2,17,O-SW,1,91.76,1,0,0,29.51,115,0,0,0,3.35006,7.5551
3,2,17,O-BW,1,119.1,4,0,0,32.475,149,9,0,0,4.2488,7.14957
3,2,17,ET+SW,1,112.98,2,0,0,35.945,142,0,0,0,3.54691,6.21098
3,2,17,ET+BW,1,186.87,4,0,0,37.8175,234,17,0,0,3.92338,6.48483
3,2,17,SW+BW,1,159.98,2,0,0,36.495,200,14,0,0,5.04278,11.6782
3,2,17,SH,1,265.27,10,0,0,70.035,332,22,0,0,5.55548,17.2348
3,2,18,NONE,1,66.34,5,0,0,30.97,83,0,0,0,1.99368,3.75046
3,2,18,O-ET,1,71.53,2,0,0,31.1825,90,0,0,0,2.20931,3.01671
3,2,18,O-SW,1,192.81,3,0,0,62.0025,242,0,0,0,3.17292,4.65692
3,2,18,O-BW,1,146.76,2,0,0,33.79,184,13,0,0,3.88633,6.53055
3,2,18,ET+SW,1,204.71,5,0,0,67.855,256,0,0,0,3.46144,5.96662
3,2,18,ET+BW,1,169.06,1,0,0,37.63,212,15,0,0,3.90923,6.29304
3,2,18,SW+BW,1,198.14,5,0,0,49.37,248,15,0,0,5.09648,9.39206
3,2,18,SH,1,313.98,12,0,0,75.895,393,28,0,0,5.41259,10.5583
3,2,19,NONE,1,53.17,2,0,0,26.0462,67,0,0,0,2.50289,15.8794
3,2,19,O-ET,1,55.56,3,0,0,25.99,70,0,0,0,2.5558,7.54723
3,2,19,O-SW,1,95.76,1,0,0,39.31,120,0,0,0,3.18329,5.59255
3,2,19,O-BW,1,143.1,3,0,0,38.475,179,12,0,0,4.22852,31.4919
3,2,19,ET+SW,1,93.84,2,0,0,29.16,118,0,0,0,3.08546,4.49243
3,2,19,ET+BW,1,152.83,2,0,0,43.0037,192,11,0,0,4.18071,8.93626
3,2,19,SW+BW,1,162.93,4,0,0,36.2662,204,16,0,0,4.27901,8.97236
3,2,19,SH,1,177.57,4,0,0,45.8887,222,16,0,0,6.01282,13.238
3,3,0,NONE,1,103.14,4,0,0,47.8775,129,0,0,0,2.04146,3.30767
3,3,0,O-ET,1,111.5,6,0,0,49.075,140,0,0,0,2.28583,6.1785
3,3,0,O-SW,1,180.99,2,0,0,49.895,227,0,0,0,3.16236,6.05967
3,3,0,O-BW,1,207.58,4,0,0,51.995,260,16,0,0,3.6648,10.1756
3,3,0,ET+SW,1,205.53,4,0,0,59.3825,257,0,0,0,3.54144,21.5868
3,3,0,ET+BW,1,187,4,0,0,58.725,234,10,0,0,4.07755,7.39891
3,3,0,SW+BW,1,348.37,17,0,0,97.6925,436,24,0,0,4.88631,9.07057
3,3,0,SH,1,280.39,10,0,0,78.0975,351,19,0,0,5.33708,19.9867
3,3,1,NONE,1,109.13,3,0,0,51.5412,137,0,0,0,2.29966,5.36584
3,3,1,O-ET,1,106.23,0,0,0.0592925,50.5575,133,0,0,0,3.08492,5.10658
3,3,1,O-SW,1,218.82,3,0,0,67.605,274,0,0,0,3.65442,6.85773
3,3,1,O-BW,1,284.62,9,0,0,84.2325,356,19,0,0,3.82924,8.18374
3,3,1,ET+SW,1,185.87,5,0,0,59.7675,233,0,0,0,3.54705,10.7446
3,3,1,ET+BW,1,186.31,12,0,0,58.8662,233,11,0,0,4.07631,13.3684
3,3,1,SW+BW,1,265.27,6,0,0,76.135,332,18,0,0,4.78624,11.0748
3,3,1,SH,1,274.88,9,0,0,75.52,344,20,0,0,5.16735,14.0216
3,3,2,NONE,1,113.57,5,0,0,51.8887,142,0,0,0,1.97979,4.19839
3,3,2,O-ET,1,117.99,6,0,0,52.595,148,0,0,0,2.40919,3.81984
3,3,2,O-SW,1,268.27,6,0,0,84.635,336,0,0,0,3.40431,6.80705
3,3,2,O-BW,1,203.09,1,0,0,56.9587,254,16,0,0,3.6712,7.18572
3,3,2,ET+SW,1,232.87,5,0,0,73.7087,292,0,0,0,3.30732,5.98639
3,3,2,ET+BW,1,220.23,6,0,0,64.0287,276,15,0,0,3.7413,6.86325
3,3,2,SW+BW,1,331.76,8,0,0,98.14,415,23,0,0,4.90605,35.9017
3,3,2,SH,1,279.93,3,0,0,70.7737,350,23,0,0,4.64757,12.7937
3,3,3,NONE,1,104.21,5,0,0,49.0525,131,0,0,0,2.48805,5.62933
3,3,3,O-ET,1,108.74,3,0,0,49.57,136,0,0,0,2.19246,3.42983
3,3,3,O-SW,1,177.57,6,0,0,64.8925,222,0,0,0,3.22697,4.84592
3,3,3,O-BW,1,235.9,11,0,0,71.0625,295,15,0,0,3.82212,15.9993
3,3,3,ET+SW,1,136.04,2,0,0,52.805,171,0,0,0,3.38396,5.703
3,3,3,ET+BW,1,170.95,5,0,0,59.8062,214,8,0,0,4.54807,9.58114
3,3,3,SW+BW,1,327.01,10,0,0,85.3525,409,24,0,0,4.53764,10.9119
3,3,3,SH,1,259.7,6,0,0,75.35,325,17,0,0,5.18487,11.2334
3,3,4,NONE,1,111.25,3,0,0,51.7125,140,0,0,0,2.29736,3.31238
3,3,4,O-ET,1,114.91,3,0,0,50.6912,144,0,0,0,2.56887,4.10877
3,3,4,O-SW,1,194.98,8,0,0,56.09,244,0,0,0,3.64636,13.5602
3,3,4,O-BW,1,168.5,4,0,0,50.8875,211,11,0,0,4.05638,7.04109
3,3,4,ET+SW,1,174.39,7,0,0,50.4962,218,0,0,0,4.51993,19.4513
3,3,4,ET+BW,1,261.06,8,0,0,63.865,327,19,0,0,4.26072,8.4041
3,3,4,SW+BW,1,353.62,3,0,0,80.405,443,29,0,0,4.96601,9.14982
3,3,4,SH,1,312.06,4,0,0,79.23,391,25,0,0,5.16673,12.2598
3,3,5,NONE,1,116.77,1,0,0,56.385,146,0,0,0,2.10933,7.2448
3,3,5,O-ET,1,123.7,4,0,0,58.2875,155,0,0,0,2.26582,4.25708
3,3,5,O-SW,1,309.85,14,0,0,101.662,388,0,0,0,3.23208,8.33829
3,3,5,O-BW,1,314.88,8,0,0,81.12,394,24,0,0,3.45933,12.2994
3,3,5,ET+SW,1,257.13,5,0,0,82.165,322,0,0,0,3.59692,6.32615
3,3,5,ET+BW,1,254.54,6,0,0,77.27,319,17,0,0,3.82581,11.1557
3,3,5,SW+BW,1,327.83,11,0,0,88.2575,410,27,0,0,4.40923,7.46241
3,3,5,SH,1,370.83,12,0,0,91.4075,464,30,0,0,4.61704,11.9445
3,3,6,NONE,1,111.77,7,0,0,52.6137,140,0,0,0,1.87008,2.40084
3,3,6,O-ET,1,122.21,5,0,0,54.8287,153,0,0,0,2.20122,3.27056
3,3,6,O-SW,1,173.59,8,0,0,61.9962,217,0,0,0,3.04366,4.68747
3,3,6,O-BW,1,320.75,11,0,0,85.1812,401,23,0,0,3.40361,8.97227
3,3,6,ET+SW,1,172.47,8,0,0,61.2587,216,0,0,0,3.55251,5.56614
3,3,6,ET+BW,1,276.52,2,0,0,73.995,346,19,0,0,3.7801,14.7393
3,3,6,SW+BW,1,396.47,8,0,0,96.0175,496,32,0,0,4.67307,12.9299
3,3,6,SH,1,435.25,20,0,0,112.606,545,33,0,0,4.82874,10.2405
3,3,7,NONE,1,98.43,1,0,0,45.9075,124,0,0,0,1.97342,3.30605
3,3,7,O-ET,1,99.12,2,0,0,44.77,124,0,0,0,2.2781,3.78639
3,3,7,O-SW,1,105.93,2,0,0,40.0825,133,0,0,0,3.48557,14.428
3,3,7,O-BW,1,187.06,7,0,0,58.1825,234,12,0,0,3.59153,18.6527
3,3,7,ET+SW,1,103.76,3,0,0,42.64,130,0,0,0,3.46875,4.89168
3,3,7,ET+BW,1,194.07,6,0,0,60.7175,243,12,0,0,3.72032,7.3558
3,3,7,SW+BW,1,220.86,7,0,0,56.23,277,17,0,0,4.80269,10.5039
3,3,7,SH,1,302.34,8,0,0,78.97,378,25,0,0,5.10033,14.8522
3,3,8,NONE,1,124.32,8,0,0,55.24,156,0,0,0,2.11922,3.18133
3,3,8,O-ET,1,127.81,9,0,0,55.3525,160,0,0,0,2.14055,3.24093
3,3,8,O-SW,1,277.01,8,0,0,81.3525,347,0,0,0,3.17486,9.26158
3,3,8,O-BW,1,223.93,4,0,0,67.865,280,13,0,0,3.90575,10.0162
3,3,8,ET+SW,1,281.09,5,0,0,81.6725,352,0,0,0,3.48128,7.20836
3,3,8,ET+BW,1,258.81,7,0,0,70.4537,324,20,0,0,3.80057,7.22201
3,3,8,SW+BW,1,316.83,6,0,0,84.115,397,24,0,0,4.80821,14.4602
3,3,8,SH,1,280.25,8,0,0,80.5312,351,20,0,0,4.99,8.71324
3,3,9,NONE,1,113.02,3,0,0,54.4275,142,0,0,0,2.0687,3.30884
3,3,9,O-ET,1,115.13,4,0,0,55.1737,144,0,0,0,2.33141,3.15086
3,3,9,O-SW,1,272.74,6,0,0,86.8775,341,0,0,0,3.16467,5.98115
3,3,9,O-BW,1,205.79,4,0,0,69.1475,258,9,0,0,3.67083,5.33038
3,3,9,ET+SW,1,207.05,3,0,0,63.0437,259,0,0,0,3.77785,7.29923
3,3,9,ET+BW,1,218.78,8,0,0,66.0475,274,13,0,0,3.94754,9.96264
3,3,9,SW+BW,1,239.34,11,0,0,74.97,300,13,0,0,4.71668,21.8383
3,3,9,SH,1,230.38,10,0,0,69.89,288,16,0,0,5.04159,9.71697
3,3,10,NONE,1,113.84,9,0,0,55.16,143,0,0,0,1.98835,2.63074
3,3,10,O-ET,1,125.24,4,0,0,55.265,157,0,0,0,2.16616,3.39512
3,3,10,O-SW,1,239.68,11,0,0,73.02,300,0,0,0,3.28153,5.45887
3,3,10,O-BW,1,214.53,14,0,0,71.9325,269,13,0,0,3.4461,6.51786
3,3,10,ET+SW,1,197.86,4,0,0,63.965,248,0,0,0,3.46858,5.25685
3,3,10,ET+BW,1,191.31,7,0,0,61.455,240,11,0,0,3.83799,6.06339
3,3,10,SW+BW,1,292.73,12,0,0,91.8825,366,18,0,0,4.62689,7.45495
3,3,10,SH,1,205.27,5,0,0,64.9762,257,11,0,0,5.1035,12.6051
3,3,11,NONE,1,122,7,0,0,54.4,153,0,0,0,2.22464,5.4695
3,3,11,O-ET,1,119.87,3,0,0,53.9675,150,0,0,0,2.37103,4.75562
3,3,11,O-SW,1,198.9,9,0,0,75.9875,249,0,0,0,3.28919,5.44531
3,3,11,O-BW,1,198.82,6,0,0,70.305,249,10,0,0,3.6684,8.12252
3,3,11,ET+SW,1,193.79,7,0,0,58.4237,243,0,0,0,3.37296,4.49591
3,3,11,ET+BW,1,200.6,2,0,0,67.425,251,10,0,0,3.7611,6.4965
3,3,11,SW+BW,1,381.97,14,0,0,107.385,478,26,0,0,4.8572,10.2242
3,3,11,SH,1,154.16,7,0,0,52.21,193,7,0,0,5.42241,14.0352
3,3,12,NONE,1,113.62,4,0,0,53.005,143,0,0,0,2.20133,4.22813
3,3,12,O-ET,1,115.77,5,0,0,51.6137,145,0,0,0,2.39465,7.37225
3,3,12,O-SW,1,201.67,4,0,0,65.0175,253,0,0,0,3.03199,4.8574
3,3,12,O-BW,1,201.08,5,0,0,67.37,252,10,0,0,3.64516,9.45695
3,3,12,ET+SW,1,189.5,3,0,0,57.475,237,0,0,0,3.31746,5.98698
3,3,12,ET+BW,1,200.8,2,0,0,67.4,251,9,0,0,3.80971,8.08974
3,3,12,SW+BW,1,200.24,7,0,0,55.56,251,15,0,0,4.7103,8.64081
3,3,12,SH,1,268.99,4,0,0,75.695,337,18,0,0,4.78078,9.79162
3,3,13,NONE,1,110.65,2,0,0,52.0625,139,0,0,0,2.24194,3.68764
3,3,13,O-ET,1,109.81,2,0,0,51.9525,138,0,0,0,2.81077,6.31102
3,3,13,O-SW,1,143.65,2,0,0,55.6687,180,0,0,0,3.14198,9.01961
3,3,13,O-BW,1,213.98,7,0,0,59.59,268,16,0,0,3.83389,8.9568
3,3,13,ET+SW,1,334.76,7,0,0,89.935,419,0,0,0,3.44494,6.75568
3,3,13,ET+BW,1,199.59,3,0,0,63.8975,250,12,0,0,4.07772,8.36057
3,3,13,SW+BW,1,405.86,13,0,0,98.0325,508,33,0,0,4.63188,8.16055
3,3,13,SH,1,290.23,3,0,0,81.2575,363,21,0,0,4.8077,9.78752
3,3,14,NONE,1,109.97,6,0,0,51.3462,138,0,0,0,2.07342,6.1117
3,3,14,O-ET,1,121.52,6,0,0,55.47,152,0,0,0,2.24058,4.68402
3,3,14,O-SW,1,243.76,6,0,0,65.38,305,0,0,0,3.17542,6.36985
3,3,14,O-BW,1,276.74,10,0,0,71.4775,346,21,0,0,3.66266,11.9127
3,3,14,ET+SW,1,226.77,11,0,0,64.285,284,0,0,0,3.62481,5.60092
3,3,14,ET+BW,1,324.86,12,0,0,89.53,407,24,0,0,3.75565,8.41046
3,3,14,SW+BW,1,243.66,4,0,0,70.93,305,15,0,0,4.72913,9.17819
3,3,14,SH,1,472.84,9,0,0,108.32,592,41,0,0,4.68178,23.8481
3,3,15,NONE,1,107.99,6,0,0,51.395,135,0,0,0,2.14579,4.87266
3,3,15,O-ET,1,113.47,5,0,0,51.3675,142,0,0,0,2.29855,4.23825
3,3,15,O-SW,1,207.29,10,0,0,59.8225,260,0,0,0,3.44906,8.93891
3,3,15,O-BW,1,194.69,6,0,0,56.6725,244,14,0,0,3.66432,9.38741
3,3,15,ET+SW,1,207.9,8,0,0,55.4875,260,0,0,0,3.79745,17.0382
3,3,15,ET+BW,1,265.56,13,0,0,73.39,332,20,0,0,3.74995,6.8242
3,3,15,SW+BW,1,326.34,15,0,0,90.585,408,19,0,0,5.04294,9.74486
3,3,15,SH,1,308.25,15,0,0,83.9625,386,23,0,0,5.32539,17.8421
3,3,16,NONE,1,95.1,4,0,0,45.0625,119,0,0,0,2.22156,4.29362
3,3,16,O-ET,1,99.19,2,0,0,46.7975,124,0,0,0,2.57657,3.81097
3,3,16,O-SW,1,236.81,5,0,0,63.7025,297,0,0,0,3.32503,4.42939
3,3,16,O-BW,1,203.67,9,0,0,68.735,255,11,0,0,3.90163,6.78326
3,3,16,ET+SW,1,338.95,11,0,0,98.175,424,0,0,0,3.66529,7.04859
3,3,16,ET+BW,1,238.31,9,0,0,74.455,298,11,0,0,4.1942,10.3899
3,3,16,SW+BW,1,237.28,7,0,0,66.98,297,16,0,0,4.98893,11.4939
3,3,16,SH,1,375.41,16,0,0,96.805,470,27,0,0,5.07664,11.5587
3,3,17,NONE,1,127.4,9,0,0,56.825,160,0,0,0,1.97229,3.39162
3,3,17,O-ET,1,135.53,5,0,0,58.9825,170,0,0,0,2.13767,3.07775
3,3,17,O-SW,1,234.37,10,0,0,76.985,293,0,0,0,3.36175,7.45608
3,3,17,O-BW,1,198.73,6,0,0,67.9825,249,9,0,0,3.8161,8.44263
3,3,17,ET+SW,1,243.96,11,0,0,77.18,305,0,0,0,3.43266,5.3934
3,3,17,ET+BW,1,242.96,5,0,0,73.64,304,16,0,0,3.85516,32.2227
3,3,17,SW+BW,1,352.13,3,0,0,83.2325,441,31,0,0,4.48506,15.4842
3,3,17,SH,1,353.42,11,0,0,89.9325,442,30,0,0,4.74549,13.713
3,3,18,NONE,1,100.75,2,0,0,47.2875,126,0,0,0,2.95281,11.2037
3,3,18,O-ET,1,94.37,7,0,0,43.6887,118,0,0,0,2.39745,3.0854
3,3,18,O-SW,1,232.77,5,0,0,57.4887,291,0,0,0,3.3868,4.56307
3,3,18,O-BW,1,193.5,6,0,0,51.075,242,16,0,0,3.6792,6.68584
3,3,18,ET+SW,1,170.64,3,0,0,54.66,214,0,0,0,3.46313,5.02897
3,3,18,ET+BW,1,254.54,7,0,0,74.5175,319,17,0,0,3.77269,5.93212
3,3,18,SW+BW,1,485.12,7,0,0,110.98,607,39,0,0,4.59818,10.6856
3,3,18,SH,1,262.05,6,0,0,59.5687,328,22,0,0,4.95253,9.79074
3,3,19,NONE,1,111.15,1,0,0,51.7875,139,0,0,0,2.04829,2.66476
3,3,19,O-ET,1,113.64,1,0,0,52.31,143,0,0,0,2.39854,4.46347
3,3,19,O-SW,1,207.14,7,0,0,77.5775,259,0,0,0,3.17344,4.50517
3,3,19,O-BW,1,197.43,11,0,0,60.515,247,12,0,0,3.83941,10.709
3,3,19,ET+SW,1,207.17,1,0,0,74.0887,259,0,0,0,3.55551,6.69983
3,3,19,ET+BW,1,207.18,7,0,0,65.695,259,13,0,0,3.87796,6.06301
3,3,19,SW+BW,1,356.95,11,0,0,95.375,447,26,0,0,4.8246,8.47779
3,3,19,SH,1,389.36,15,0,0,107.64,487,25,0,0,5.26014,11.3649
3,4,0,NONE,1,63.78,3,0,0,31.4175,80,0,0,0,2.44755,3.66734
3,4,0,O-ET,1,71.06,3,0,0,32.1475,89,0,0,0,2.72929,4.18932
3,4,0,O-SW,1,126.47,5,0,0,37.535,159,0,0,0,3.98558,10.9443
3,4,0,O-BW,1,147.44,6,0,0,45.46,185,11,0,0,4.58637,12.109
3,4,0,ET+SW,1,244.4,5,0,0,63.6,306,0,0,0,3.62361,6.77157
3,4,0,ET+BW,1,242.59,4,0,0,63.0475,304,19,0,0,4.44803,23.1282
3,4,0,SW+BW,1,280.67,2,0,0,66.1512,351,23,0,0,5.14974,15.2769
3,4,0,SH,1,183.45,6,0,0,48.0625,230,15,0,0,6.11552,17.7996
3,4,1,NONE,1,78.36,4,0,0,36.69,98,0,0,0,2.23251,3.31848
3,4,1,O-ET,1,77.19,5,0,0,34.0975,97,0,0,0,2.91619,4.81065
3,4,1,O-SW,1,286.71,6,0,0,78.2775,359,0,0,0,3.33283,6.23691
3,4,1,O-BW,1,183.47,11,0,0,54.1337,230,11,0,0,3.80917,8.57426
3,4,1,ET+SW,1,130.62,4,0,0,36.6825,164,0,0,0,3.4778,5.99714
3,4,1,ET+BW,1,186.73,4,0,0,62.6825,234,12,0,0,4.1592,8.13211
3,4,1,SW+BW,1,291.37,8,0,0,74.0425,365,22,0,0,5.06788,12.0857
3,4,1,SH,1,244.04,7,0,0,59.02,306,19,0,0,5.65265,10.8352
3,4,2,NONE,1,60,2,0,0,29.5,75,0,0,0,2.3057,4.60082
3,4,2,O-ET,1,60.78,2,0,0,29.69,76,0,0,0,3.30566,4.41574
3,4,2,O-SW,1,145.22,4,0,0,45.005,182,0,0,0,3.28859,6.21959
3,4,2,O-BW,1,251.08,8,0,0,75.155,314,17,0,0,4.20092,9.20626
3,4,2,ET+SW,1,145.99,3,0,0,46.1975,183,0,0,0,3.67703,7.96799
3,4,2,ET+BW,1,137.73,7,0,0,39.7325,173,10,0,0,4.25471,6.83729
3,4,2,SW+BW,1,425.39,18,0,0,92.095,532,38,0,0,4.77748,9.1985
3,4,2,SH,1,211.81,13,0,0,54.4287,265,17,0,0,5.6588,10.8043
3,4,3,NONE,1,73.73,12,0,0,34.3325,93,0,0,0,1.8518,2.87812
3,4,3,O-ET,1,84.16,12,0,0,34.94,106,0,0,0,2.20153,2.81855
3,4,3,O-SW,1,180.82,7,0,0,52.71,227,0,0,0,3.33597,5.34177
3,4,3,O-BW,1,189.49,4,0,0,47.445,237,16,0,0,3.65094,6.11014
3,4,3,ET+SW,1,216.91,8,0,0,59.155,272,0,0,0,3.36977,11.8454
3,4,3,ET+BW,1,188.19,4,0,0,50.995,236,13,0,0,3.95336,11.8646
3,4,3,SW+BW,1,331.37,12,0,0,82.9637,415,27,0,0,5.13343,10.2173
3,4,3,SH,1,387.19,13,0,0,99.7962,484,31,0,0,5.4959,12.4159
3,4,4,NONE,1,73.57,3,0,0,33.9887,92,0,0,0,1.97033,2.64508
3,4,4,O-ET,1,77.34,3,0,0,33.6025,97,0,0,0,2.28368,2.64676
3,4,4,O-SW,1,166.24,10,0,0,50.02,208,0,0,0,3.39307,4.80497
3,4,4,O-BW,1,200.69,5,0,0,56.4587,251,15,0,0,4.02436,9.86573
3,4,4,ET+SW,1,165.64,8,0,0,45.41,208,0,0,0,3.72075,7.67108
3,4,4,ET+BW,1,105.63,3,0,0,35.4037,133,5,0,0,4.55739,10.3804
3,4,4,SW+BW,1,306.43,8,0,0,71.9075,384,29,0,0,4.9888,10.938
3,4,4,SH,1,306.45,7,0,0,70.5125,384,27,0,0,5.69318,14.1119
3,4,5,NONE,1,75.25,1,0,0,36.1125,95,0,0,0,1.96611,2.58018
3,4,5,O-ET,1,79.08,2,0,0,36.07,99,0,0,0,2.11456,2.75127
3,4,5,O-SW,1,119.91,0,0,0.0694598,44.8662,150,0,0,0,3.07765,4.72425
3,4,5,O-BW,1,172.32,1,0,0,45.08,216,14,0,0,4.10175,10.0923
3,4,5,ET+SW,1,201.16,4,0,0,63.135,252,0,0,0,3.79865,14.6357
3,4,5,ET+BW,1,178.03,3,0,0,48.6612,223,14,0,0,4.38837,38.3418
3,4,5,SW+BW,1,403.33,6,0,0,99.9487,505,31,0,0,4.92028,10.2752
3,4,5,SH,1,526.84,9,0,0,122.42,659,45,0,0,4.94803,12.1567
3,4,6,NONE,1,61.41,4,0,0,29.7287,77,0,0,0,1.93735,5.00137
3,4,6,O-ET,1,67.24,0,0,0.0641883,30.21,85,0,0,0,2.18226,3.01369
3,4,6,O-SW,1,143.99,3,0,0,43.7962,180,0,0,0,3.09503,4.95538
3,4,6,O-BW,1,137.94,0,0,0.119567,41.385,173,10,0,0,3.74988,6.41012
3,4,6,ET+SW,1,175.19,3,0,0,48.0975,219,0,0,0,3.59639,6.13149
3,4,6,ET+BW,1,141.68,2,0,0,40.81,178,10,0,0,3.99441,7.54136
3,4,6,SW+BW,1,419.28,6,0,0,81.04,525,40,0,0,5.06133,11.2286
3,4,6,SH,1,285.55,8,0,0,66.6875,357,25,0,0,5.79714,12.3948
3,4,7,NONE,1,71.04,5,0,0,32.64,89,0,0,0,2.00111,3.14177
3,4,7,O-ET,1,74.58,1,0,0,32.7225,94,0,0,0,2.27769,3.60516
3,4,7,O-SW,1,162.8,1,0,0,58.2,204,0,0,0,3.34736,6.96258
3,4,7,O-BW,1,132.29,12,0,0,42.145,166,8,0,0,4.28538,8.08398
3,4,7,ET+SW,1,171.4,3,0,0,50.1,215,0,0,0,3.33072,4.63996
3,4,7,ET+BW,1,245.19,12,0,0,61.4975,307,19,0,0,3.99743,6.96446
3,4,7,SW+BW,1,254.12,6,0,0,64.16,318,20,0,0,5.16914,10.8781
3,4,7,SH,1,461.21,20,0,0,124.305,577,36,0,0,5.36404,29.7709
3,4,8,NONE,1,68.32,1,0,0,31.58,86,0,0,0,1.9636,2.8494
3,4,8,O-ET,1,70.77,2,0,0,32.0462,89,0,0,0,2.16746,2.87827
3,4,8,O-SW,1,143.22,4,0,0,41.2075,180,0,0,0,3.64594,9.45316
3,4,8,O-BW,1,164.22,5,0,0,44.21,206,13,0,0,4.64365,9.59787
3,4,8,ET+SW,1,233.52,7,0,0,62.36,292,0,0,0,3.29139,6.31848
3,4,8,ET+BW,1,214.49,4,0,0,61.645,269,13,0,0,4.40595,7.91708
3,4,8,SW+BW,1,231.18,6,0,0,61.29,289,15,0,0,5.71752,38.9887
3,4,8,SH,1,536.38,11,0,0,127.99,671,46,0,0,5.46381,45.9621
3,4,9,NONE,1,58.46,4,0,0,28.115,74,0,0,0,2.58965,4.21545
3,4,9,O-ET,1,64.63,4,0,0,28.9362,81,0,0,0,2.54684,4.51841
3,4,9,O-SW,1,239.97,7,0,0,64.685,300,0,0,0,3.85114,7.57549
3,4,9,O-BW,1,129.46,6,0,0,37.2475,162,8,0,0,4.38316,12.327
3,4,9,ET+SW,1,238.06,14,0,0,65.615,298,0,0,0,3.66436,7.11033
3,4,9,ET+BW,1,98.89,5,0,0,29.8612,124,6,0,0,4.86606,7.81602
3,4,9,SW+BW,1,239,10,0,0,62.875,299,19,0,0,5.51476,21.1498
3,4,9,SH,1,244.16,4,0,0,60.48,306,22,0,0,5.59497,10.6746
3,4,10,NONE,1,69.42,5,0,0,32.555,87,0,0,0,2.14531,2.63185
3,4,10,O-ET,1,85.33,2,0,0,33.465,107,0,0,0,2.30492,2.88661
3,4,10,O-SW,1,216.05,6,0,0,55.8062,271,0,0,0,3.24191,6.18101
3,4,10,O-BW,1,105.58,3,0,0,34.0925,132,7,0,0,4.17934,7.7194
3,4,10,ET+SW,1,199.94,17,0,0,61.2775,250,0,0,0,3.36434,5.69472
3,4,10,ET+BW,1,161.79,9,0,0,48.295,203,12,0,0,4.50853,8.84459
3,4,10,SW+BW,1,274.33,12,0,0,68.2737,343,20,0,0,5.20526,9.35247
3,4,10,SH,1,226.76,6,0,0,57.19,284,17,0,0,5.20957,9.27498
3,4,11,NONE,1,60.93,4,0,0,29.9325,77,0,0,0,1.97208,2.77049
3,4,11,O-ET,1,72.58,6,0,0,32.2725,91,0,0,0,2.38664,3.75519
3,4,11,O-SW,1,166.77,5,0,0,41.1925,209,0,0,0,3.27543,4.77189
3,4,11,O-BW,1,164.73,5,0,0,45.0737,206,12,0,0,3.79358,6.88543
3,4,11,ET+SW,1,265.97,9,0,0,83.085,333,0,0,0,3.45999,7.61417
3,4,11,ET+BW,1,115.19,6,0,0,34.6975,144,7,0,0,4.62024,8.6321
3,4,11,SW+BW,1,215.63,11,0,0,55.1075,270,17,0,0,5.38457,12.1842
3,4,11,SH,1,208.24,8,0,0,45.06,261,17,0,0,5.89042,19.9472
3,4,12,NONE,1,69.48,6,0,0,32.555,87,0,0,0,2.13926,2.48327
3,4,12,O-ET,1,79.12,6,0,0,32.97,99,0,0,0,2.43517,3.20219
3,4,12,O-SW,1,174.33,5,0,0,44.165,218,0,0,0,3.36205,4.72943
3,4,12,O-BW,1,139.5,4,0,0,36.075,175,11,0,0,3.87125,6.6536
3,4,12,ET+SW,1,122.38,5,0,0,38.195,153,0,0,0,3.65593,6.46171
3,4,12,ET+BW,1,174.95,7,0,0,46.7062,219,13,0,0,4.11937,7.40143
3,4,12,SW+BW,1,260.54,4,0,0,57.57,326,22,0,0,5.07426,10.6541
3,4,12,SH,1,349.57,3,0,0,74.5887,437,30,0,0,4.72959,10.8556
3,4,13,NONE,1,60.14,3,0,0,28.635,76,0,0,0,2.29296,3.39462
3,4,13,O-ET,1,65.14,5,0,0,28.385,82,0,0,0,2.50743,3.12208
3,4,13,O-SW,1,133.7,5,0,0,37.825,168,0,0,0,3.75636,8.2738
3,4,13,O-BW,1,112.57,1,0,0,30.485,141,8,0,0,4.84228,10.8017
3,4,13,ET+SW,1,163.79,5,0,0,42.8212,205,0,0,0,3.72128,5.64986
3,4,13,ET+BW,1,104.13,1,0,0,30.2325,131,9,0,0,4.30522,7.17205
3,4,13,SW+BW,1,325.48,4,0,0,67.855,407,28,0,0,4.68474,8.52731
3,4,13,SH,1,255.59,4,0,0,65.0462,320,19,0,0,4.99778,11.422
3,4,14,NONE,1,61.5,4,0,0,29.1625,77,0,0,0,1.89809,2.37577
3,4,14,O-ET,1,63.6,3,0,0,28.8,80,0,0,0,2.12718,3.03974
3,4,14,O-SW,1,149.42,4,0,0,47.155,187,0,0,0,2.9172,4.12348
3,4,14,O-BW,1,141.32,4,0,0,42.93,177,9,0,0,4.00304,8.92736
3,4,14,ET+SW,1,150.32,1,0,0,48.57,188,0,0,0,3.48239,9.00723
3,4,14,ET+BW,1,146.48,2,0,0,43.72,184,10,0,0,4.31957,9.55908
3,4,14,SW+BW,1,335.31,7,0,0,83.1275,420,27,0,0,4.97008,24.7702
3,4,14,SH,1,209.26,4,0,0,53.23,262,17,0,0,5.15953,8.98978
3,4,15,NONE,1,63.09,8,0,0,30.8587,79,0,0,0,2.16365,3.55063
3,4,15,O-ET,1,62.36,5,0,0,29.885,78,0,0,0,2.24128,3.17244
3,4,15,O-SW,1,179.8,3,0,0,49,225,0,0,0,3.35566,13.7248
3,4,15,O-BW,1,177.35,8,0,0,50.5062,222,13,0,0,4.26804,9.50548
3,4,15,ET+SW,1,225.66,5,0,0,67.6075,283,0,0,0,3.66001,23.9913
3,4,15,ET+BW,1,335.36,6,0,0,79.68,420,28,0,0,4.11823,12.9024
3,4,15,SW+BW,1,412.65,11,0,0,112.762,516,30,0,0,5.36626,17.4911
3,4,15,SH,1,225.18,5,0,0,50.4475,282,21,0,0,5.33507,15.4205
3,4,16,NONE,1,73.72,3,0,0,34.13,93,0,0,0,1.94564,3.07838
3,4,16,O-ET,1,71.84,2,0,0,33.14,90,0,0,0,2.23915,3.84404
3,4,16,O-SW,1,239.9,5,0,0,71.6625,300,0,0,0,3.35707,10.2051
3,4,16,O-BW,1,189.08,3,0,0,48.04,237,16,0,0,3.78004,9.43637
3,4,16,ET+SW,1,239.02,5,0,0,61.9325,299,0,0,0,3.41182,5.80443
3,4,16,ET+BW,1,149.03,4,0,0,41.9575,187,10,0,0,4.58304,11.7465
3,4,16,SW+BW,1,261.13,4,0,0,67.565,327,20,0,0,5.24462,9.94443
3,4,16,SH,1,211.97,7,0,0,57.185,265,16,0,0,5.86257,10.2496
3,4,17,NONE,1,65.96,1,0,0,31.29,83,0,0,0,2.0002,2.98374
3,4,17,O-ET,1,63.83,2,0,0,30.4575,80,0,0,0,2.33196,2.86554
3,4,17,O-SW,1,258.57,8,0,0,82.0212,324,0,0,0,3.72585,7.08464
3,4,17,O-BW,1,204.93,3,0,0,56.2162,257,15,0,0,3.75919,6.57798
3,4,17,ET+SW,1,229.82,5,0,0,69.455,288,0,0,0,3.99615,8.7024
3,4,17,ET+BW,1,198.41,2,0,0,49.3012,249,15,0,0,4.19174,7.06653
3,4,17,SW+BW,1,229.57,8,0,0,59.9887,287,17,0,0,5.48407,36.3815
3,4,17,SH,1,135.25,3,0,0,35.8062,170,10,0,0,6.474,20.2535
3,4,18,NONE,1,58.33,5,0,0,28.6737,73,0,0,0,2.57659,4.28774
3,4,18,O-ET,1,66.09,6,0,0,30.545,83,0,0,0,2.47844,5.68092
3,4,18,O-SW,1,195.44,12,0,0,48.52,245,0,0,0,3.66823,10.0973
3,4,18,O-BW,1,122.49,3,0,0,33.545,154,8,0,0,4.57588,8.71208
3,4,18,ET+SW,1,126.54,10,0,0,41.935,159,0,0,0,3.73878,4.87349
3,4,18,ET+BW,1,127.49,4,0,0,36.0362,160,8,0,0,4.25607,7.07952
3,4,18,SW+BW,1,202,5,0,0,53.7,253,15,0,0,4.74327,8.58934
3,4,18,SH,1,379.58,8,0,0,82.195,475,35,0,0,4.80077,12.8915
3,4,19,NONE,1,70.33,2,0,0,34.2825,88,0,0,0,2.18549,2.82758
3,4,19,O-ET,1,71.92,2,0,0,34.37,90,0,0,0,2.50252,3.56077
3,4,19,O-SW,1,159.11,5,0,0,40.9662,199,0,0,0,3.90421,7.7154
3,4,19,O-BW,1,237.96,4,0,0,58.98,298,19,0,0,4.29816,10.2405
3,4,19,ET+SW,1,177.48,12,0,0,48.855,222,0,0,0,4.26799,12.5507
3,4,19,ET+BW,1,236.68,8,0,0,58.94,296,20,0,0,4.57822,8.85315
3,4,19,SW+BW,1,477.26,5,0,0,91.9725,597,44,0,0,4.7808,12.8059
3,4,19,SH,1,392.18,1,0,0,79.4675,491,37,0,0,5.27264,14.2591
3,5,0,NONE,1,70.91,2,0,0,32.4275,89,0,0,0,1.99365,4.59218
3,5,0,O-ET,1,76.61,3,0,0,32.7287,96,0,0,0,2.12209,2.7032
3,5,0,O-SW,1,378.3,9,0,0,94.3625,473,0,0,0,3.0597,9.96701
3,5,0,O-BW,1,179.68,5,0,0,46.52,225,14,0,0,3.78663,7.13797
3,5,0,ET+SW,1,304.63,5,0,0,75.2575,381,0,0,0,3.42675,7.03792
3,5,0,ET+BW,1,183.77,10,0,0,49.4425,230,14,0,0,4.27839,13.8122
3,5,0,SW+BW,1,213.2,7,0,0,53.05,267,18,0,0,4.3977,9.01672
3,5,0,SH,1,214.96,6,0,0,53.88,269,19,0,0,4.83885,10.8462
3,5,1,NONE,1,77.4,3,0,0,32.825,97,0,0,0,1.91582,2.59004
3,5,1,O-ET,1,77.95,2,0,0,32.5875,98,0,0,0,2.16633,3.34661
3,5,1,O-SW,1,357.64,9,0,0,82.01,448,0,0,0,3.06144,9.25583
3,5,1,O-BW,1,244.52,6,0,0,51.665,306,22,0,0,3.67762,7.42757
3,5,1,ET+SW,1,150.51,5,0,0,47.7137,189,0,0,0,3.09378,10.6942
3,5,1,ET+BW,1,131.62,5,0,0,36.11,165,10,0,0,3.91102,8.6401
3,5,1,SW+BW,1,256.87,11,0,0,49.3175,322,24,0,0,4.22048,8.73882
3,5,1,SH,1,401.09,16,0,0,98.0362,502,35,0,0,4.48475,12.6883
3,5,2,NONE,1,86.25,4,0,0,35.9437,108,0,0,0,2.22228,2.97604
3,5,2,O-ET,1,96.77,6,0,0,36.7925,121,0,0,0,2.45621,3.91002
3,5,2,O-SW,1,247.27,14,0,0,61.3087,310,0,0,0,3.54686,11.2986
3,5,2,O-BW,1,142.33,9,0,0,39.0737,178,11,0,0,4.18688,15.3772
3,5,2,ET+SW,1,181.77,13,0,0,54.2425,228,0,0,0,3.72867,6.48161
3,5,2,ET+BW,1,174.79,8,0,0,49.8975,219,13,0,0,3.85221,6.78847
3,5,2,SW+BW,1,275.38,5,0,0,69.745,345,22,0,0,4.97202,11.6588
3,5,2,SH,1,362.86,7,0,0,76.015,454,34,0,0,4.69108,12.0868
3,5,3,NONE,1,54.35,4,0,0,26.6812,68,0,0,0,1.84144,2.33223
3,5,3,O-ET,1,56.1,3,0,0,26.725,71,0,0,0,2.0883,3.34693
3,5,3,O-SW,1,174.81,5,0,0,45.7025,219,0,0,0,2.83336,5.10377
3,5,3,O-BW,1,112.07,4,0,0,30.1175,141,9,0,0,3.90309,7.32557
3,5,3,ET+SW,1,164.8,4,0,0,42.1,206,0,0,0,3.25603,6.54042
3,5,3,ET+BW,1,142.68,5,0,0,34.37,179,13,0,0,4.10254,8.17278
3,5,3,SW+BW,1,385.55,11,0,0,91.475,482,31,0,0,4.6129,9.92077
3,5,3,SH,1,182.06,6,0,0,41.9575,228,16,0,0,5.32187,10.6974
3,5,4,NONE,1,106.18,5,0,0,43.0175,133,0,0,0,2.0722,2.89232
3,5,4,O-ET,1,121.31,5,0,0,42.6275,152,0,0,0,2.35848,4.95471
3,5,4,O-SW,1,339.92,13,0,0,99.97,425,0,0,0,3.03489,6.20921
3,5,4,O-BW,1,220.57,9,0,0,60.3137,276,18,0,0,3.66323,7.939
3,5,4,ET+SW,1,276.69,5,0,0,71.245,346,0,0,0,3.29896,6.96286
3,5,4,ET+BW,1,311.5,12,0,0,74.275,390,26,0,0,3.63814,6.98003
3,5,4,SW+BW,1,323.16,12,0,0,76.78,404,27,0,0,4.78301,9.67995
3,5,4,SH,1,496.09,26,0,0,111.611,621,44,0,0,4.83486,11.2502
3,5,5,NONE,1,64.85,6,0,0,29.2125,82,0,0,0,1.97955,2.86608
3,5,5,O-ET,1,68.53,4,0,0,29.4987,86,0,0,0,2.16056,4.94353
3,5,5,O-SW,1,105.7,1,0,0,36.925,133,0,0,0,2.96005,6.48551
3,5,5,O-BW,1,152.06,4,0,0,37.73,191,11,0,0,3.90134,9.12303
3,5,5,ET+SW,1,100,1,0,0,34.2,125,0,0,0,2.94824,5.64043
3,5,5,ET+BW,1,152.17,5,0,0,44.1425,191,10,0,0,4.19106,10.0371
3,5,5,SW+BW,1,224.63,10,0,0,49.6575,281,19,0,0,4.73792,10.0052
3,5,5,SH,1,219.15,8,0,0,56.7812,274,18,0,0,4.93492,8.79254
3,5,6,NONE,1,67.98,2,0,0,28.6925,85,0,0,0,2.12204,3.77391
3,5,6,O-ET,1,69.71,1,0,0,29.2275,88,0,0,0,2.66116,4.79201
3,5,6,O-SW,1,129.54,6,0,0,34.47,162,0,0,0,2.89126,6.00278
3,5,6,O-BW,1,176.26,5,0,0,43.13,221,13,0,0,3.68482,5.94211
3,5,6,ET+SW,1,123.94,3,0,0,34.3775,155,0,0,0,3.31543,6.57722
3,5,6,ET+BW,1,151.55,3,0,0,37.7875,190,12,0,0,3.91162,8.77659
3,5,6,SW+BW,1,420.7,4,0,0,101.462,526,36,0,0,4.13774,8.02707
3,5,6,SH,1,458.76,7,0,0,95.835,574,43,0,0,4.74967,17.6296
3,5,7,NONE,1,109.81,8,0,0,45.2525,138,0,0,0,2.09637,2.80282
3,5,7,O-ET,1,113.02,6,0,0,44.355,142,0,0,0,2.53342,7.434
3,5,7,O-SW,1,369.49,9,0,0,102.759,462,0,0,0,3.03621,5.78655
3,5,7,O-BW,1,296.84,15,0,0,83.105,372,20,0,0,3.77189,12.0495
3,5,7,ET+SW,1,535.77,14,0,0,139.614,670,0,0,0,3.43621,7.62222
3,5,7,ET+BW,1,282.34,10,0,0,76.07,353,23,0,0,3.86977,14.023
3,5,7,SW+BW,1,453.69,11,0,0,96.3225,568,43,0,0,4.51212,12.6082
3,5,7,SH,1,369.46,11,0,0,91.7475,462,32,0,0,4.66277,8.38949
3,5,8,NONE,1,56,6,0,0,27.4,70,0,0,0,2.30315,3.16633
3,5,8,O-ET,1,59.86,6,0,0,27.4475,75,0,0,0,2.56975,3.2574
3,5,8,O-SW,1,301.9,11,0,0,79.775,378,0,0,0,3.61345,10.9924
3,5,8,O-BW,1,148.38,6,0,0,39.195,186,11,0,0,4.38422,10.2304
3,5,8,ET+SW,1,383.71,11,0,0,102.155,480,0,0,0,3.85623,12.6581
3,5,8,ET+BW,1,107,4,0,0,30.875,134,8,0,0,4.82365,9.60422
3,5,8,SW+BW,1,235.99,4,0,0,54.195,295,19,0,0,5.24923,26.5381
3,5,8,SH,1,267.11,10,0,0,77.355,334,18,0,0,5.55454,11.453
3,5,9,NONE,1,66.46,4,0,0,30.715,84,0,0,0,2.03472,3.62744
3,5,9,O-ET,1,75.05,4,0,0,31.2625,94,0,0,0,2.43128,14.602
3,5,9,O-SW,1,149.84,0,0,0.583963,38.53,188,0,0,0,3.06736,8.93967
3,5,9,O-BW,1,127.64,1,0,0,35.92,160,9,0,0,3.94731,8.0479
3,5,9,ET+SW,1,149.03,0,0,0.483961,37.715,187,0,0,0,3.25324,8.58593
3,5,9,ET+BW,1,136.92,2,0,0,33.83,172,11,0,0,4.03495,6.91441
3,5,9,SW+BW,1,215.51,5,0,0,42.2775,270,20,0,0,4.52808,8.8413
3,5,9,SH,1,256.24,2,0,0,67.03,321,19,0,0,4.79384,12.155
3,5,10,NONE,1,54.26,2,0,0,26.5475,68,0,0,0,1.844,2.43115
3,5,10,O-ET,1,56.41,1,0,0,26.6025,71,0,0,0,2.12735,5.92731
3,5,10,O-SW,1,222.49,6,0,0,61.5112,279,0,0,0,3.10925,6.10114
3,5,10,O-BW,1,119.01,3,0,0,30.505,149,10,0,0,3.76965,6.97499
3,5,10,ET+SW,1,150.84,2,0,0,43.21,189,0,0,0,3.62042,8.69974
3,5,10,ET+BW,1,120.54,3,0,0,29.3025,151,10,0,0,4.07036,7.33586
3,5,10,SW+BW,1,464.51,18,0,0,103.691,581,43,0,0,4.70994,9.88605
3,5,10,SH,1,201.58,4,0,0,49.895,252,16,0,0,5.32028,11.2832
3,5,11,NONE,1,62.5,1,0,0,29.9125,79,0,0,0,2.57851,7.67234
3,5,11,O-ET,1,69.45,6,0,0,29.925,87,0,0,0,2.63663,4.8104
3,5,11,O-SW,1,227.88,0,0,0.0186411,54.755,285,0,0,0,3.45727,10.4766
3,5,11,O-BW,1,114.91,5,0,0,35.155,144,8,0,0,4.65666,7.88013
3,5,11,ET+SW,1,228.71,6,0,0,62.1662,286,0,0,0,3.41838,8.12927
3,5,11,ET+BW,1,146.09,7,0,0,39.5837,183,10,0,0,4.21103,8.24909
3,5,11,SW+BW,1,347.76,10,0,0,87.94,435,29,0,0,4.96577,16.5247
3,5,11,SH,1,356.62,12,0,0,85.055,446,33,0,0,5.41395,10.0455
3,5,12,NONE,1,79.1,4,0,0,33.075,99,0,0,0,2.41521,4.68103
3,5,12,O-ET,1,79.98,5,0,0,32.995,100,0,0,0,2.47293,6.15861
3,5,12,O-SW,1,247.47,11,0,0,66.9675,310,0,0,0,3.26923,7.93442
3,5,12,O-BW,1,200.6,5,0,0,49.825,251,17,0,0,4.14105,23.6143
3,5,12,ET+SW,1,192.98,3,0,0,51.545,242,0,0,0,3.94802,7.6414
3,5,12,ET+BW,1,184.24,5,0,0,52.26,231,13,0,0,4.61147,10.0072
3,5,12,SW+BW,1,304.17,11,0,0,77.7425,381,23,0,0,5.27582,17.7624
3,5,12,SH,1,256.94,4,0,0,63.8175,322,22,0,0,4.83711,10.2675
3,5,13,NONE,1,69.8,6,0,0,32.85,88,0,0,0,1.9089,2.52587
3,5,13,O-ET,1,68.55,5,0,0,32.5375,86,0,0,0,2.12274,2.71952
3,5,13,O-SW,1,118.01,9,0,0,34.2025,148,0,0,0,3.06223,5.61266
3,5,13,O-BW,1,135.17,8,0,0,42.0887,169,8,0,0,3.84923,7.08803
3,5,13,ET+SW,1,146.69,4,0,0,39.5725,184,0,0,0,3.3282,6.13348
3,5,13,ET+BW,1,146.67,3,0,0,37.7675,184,12,0,0,3.97907,6.98002
3,5,13,SW+BW,1,263.7,6,0,0,51.725,330,25,0,0,4.85264,9.845
3,5,13,SH,1,306.09,11,0,0,65.2225,383,28,0,0,4.94417,10.233
3,5,14,NONE,1,56.71,1,0,0,27.7662,71,0,0,0,2.00597,3.06517
3,5,14,O-ET,1,58.36,1,0,0,27.785,73,0,0,0,2.1042,3.36598
3,5,14,O-SW,1,104.53,5,0,0,35.865,131,0,0,0,3.081,4.61965
3,5,14,O-BW,1,88.32,5,0,0,29.84,111,4,0,0,4.45455,8.60721
3,5,14,ET+SW,1,110.7,5,0,0,35.375,139,0,0,0,3.22755,4.34523
3,5,14,ET+BW,1,105.93,4,0,0,34.3237,133,6,0,0,3.96626,6.29421
3,5,14,SW+BW,1,95.36,3,0,0,30.68,120,5,0,0,4.83098,7.89909
3,5,14,SH,1,111.93,7,0,0,33.065,140,5,0,0,5.97731,15.1382
3,5,15,NONE,1,78.5,0,0,0.00250609,34.925,99,0,0,0,1.89074,2.37531
3,5,15,O-ET,1,79.21,1,0,0,34.9037,100,0,0,0,2.62555,7.27135
3,5,15,O-SW,1,148.55,7,0,0,44.1062,186,0,0,0,3.13568,9.62281
3,5,15,O-BW,1,165.03,2,0,0,49.3575,207,12,0,0,3.75004,9.65265
3,5,15,ET+SW,1,151.11,4,0,0,45.455,189,0,0,0,3.24637,5.67799
3,5,15,ET+BW,1,155.73,6,0,0,46.9987,195,8,0,0,3.98333,16.3353
3,5,15,SW+BW,1,273.59,21,0,0,66.4962,342,27,0,0,4.91767,11.1866
3,5,15,SH,1,402.98,8,0,0,96.0175,504,35,0,0,4.73593,11.1543
3,5,16,NONE,1,101.99,4,0,0,38.9975,128,0,0,0,2.0933,2.76622
3,5,16,O-ET,1,98.65,4,0,0,38.2625,124,0,0,0,2.44311,5.39666
3,5,16,O-SW,1,169.74,6,0,0,51.2175,213,0,0,0,3.34003,7.17269
3,5,16,O-BW,1,254.25,14,0,0,64.8625,318,23,0,0,3.97615,8.68355
3,5,16,ET+SW,1,274.01,7,0,0,66.8025,343,0,0,0,3.72073,7.10159
3,5,16,ET+BW,1,243.97,12,0,0,61.0925,305,19,0,0,4.17071,32.3569
3,5,16,SW+BW,0,600,16,0,0,139.6,750,57,0,0,4.54077,13.6829
3,5,16,SH,1,394.63,9,0,0,99.2862,494,33,0,0,5.07066,12.4008
3,5,17,NONE,1,91.68,2,0,0,38.62,115,0,0,0,2.32966,4.12163
3,5,17,O-ET,1,101.7,3,0,0,39.425,128,0,0,0,2.82034,4.25432
3,5,17,O-SW,1,231.81,10,0,0,63.6287,290,0,0,0,3.39174,7.18751
3,5,17,O-BW,1,261.73,15,0,0,68.8325,328,19,0,0,3.91757,9.79488
3,5,17,ET+SW,1,380.29,21,0,0,105.336,476,0,0,0,3.42613,9.11797
3,5,17,ET+BW,1,228.43,11,0,0,64.7075,286,15,0,0,4.1333,7.89158
3,5,17,SW+BW,1,211.55,13,0,0,53.3437,265,18,0,0,4.93563,11.4622
3,5,17,SH,1,581.14,23,0,0,131.942,727,52,0,0,4.97396,16.3926
3,5,18,NONE,1,96.06,7,0,0,36.715,121,0,0,0,2.22576,14.0652
3,5,18,O-ET,1,85.59,8,0,0,34.595,107,0,0,0,2.50265,4.10833
3,5,18,O-SW,1,195.06,5,0,0,58.565,244,0,0,0,2.95319,4.71439
3,5,18,O-BW,1,265.99,13,0,0,69.395,333,22,0,0,3.5553,6.41507
3,5,18,ET+SW,1,166.01,6,0,0,51.9512,208,0,0,0,3.47215,7.0663
3,5,18,ET+BW,1,282.3,12,0,0,68.15,353,25,0,0,3.69258,7.34329
3,5,18,SW+BW,1,452.2,14,0,0,123.05,566,31,0,0,4.48628,8.90582
3,5,18,SH,1,375.06,17,0,0,87.0475,469,34,0,0,5.0205,10.5989
3,5,19,NONE,1,56.27,4,0,0,27.5337,71,0,0,0,1.88558,2.805
3,5,19,O-ET,1,57.45,1,0,0,27.5437,72,0,0,0,3.11099,4.35779
3,5,19,O-SW,1,140.04,6,0,0,42.62,176,0,0,0,2.95629,4.39809
3,5,19,O-BW,1,173.26,5,0,0,39.7725,217,16,0,0,3.77717,7.27085
3,5,19,ET+SW,1,167.45,11,0,0,50.3625,210,0,0,0,3.51036,10.4385
3,5,19,ET+BW,1,162.51,2,0,0,40.3275,204,14,0,0,4.11154,7.45758
3,5,19,SW+BW,1,498.54,9,0,0,100.635,624,47,0,0,4.49984,10.9479
3,5,19,SH,1,277.88,7,0,0,67.97,348,24,0,0,4.7135,9.24437
